-- phpMyAdmin SQL Dump
-- version 4.9.7
-- https://www.phpmyadmin.net/
--
-- Host: localhost:3306
-- Generation Time: Jun 15, 2022 at 09:44 AM
-- Server version: 5.7.32
-- PHP Version: 7.4.12

SET SQL_MODE = "NO_AUTO_VALUE_ON_ZERO";
SET time_zone = "+00:00";


/*!40101 SET @OLD_CHARACTER_SET_CLIENT=@@CHARACTER_SET_CLIENT */;
/*!40101 SET @OLD_CHARACTER_SET_RESULTS=@@CHARACTER_SET_RESULTS */;
/*!40101 SET @OLD_COLLATION_CONNECTION=@@COLLATION_CONNECTION */;
/*!40101 SET NAMES utf8mb4 */;

--
-- Database: `selar_dev_test`
--

-- --------------------------------------------------------

--
-- Table structure for table `plans`
--

CREATE TABLE `plans` (
  `id` bigint(20) UNSIGNED NOT NULL,
  `name` varchar(255) COLLATE utf8mb4_unicode_ci NOT NULL,
  `deleted_at` timestamp NULL DEFAULT NULL,
  `created_at` timestamp NULL DEFAULT NULL,
  `updated_at` timestamp NULL DEFAULT NULL
) ENGINE=InnoDB DEFAULT CHARSET=utf8mb4 COLLATE=utf8mb4_unicode_ci;

--
-- Dumping data for table `plans`
--

INSERT INTO `plans` (`id`, `name`, `deleted_at`, `created_at`, `updated_at`) VALUES
(1, 'Starter', NULL, '2021-03-01 20:08:10', '2021-03-01 20:08:10'),
(2, 'Pro', NULL, '2021-03-01 20:08:10', '2021-03-01 20:08:10'),
(3, 'Turbo', NULL, '2021-03-01 20:08:10', '2021-03-01 20:08:10'),
(4, 'Affiliate Network', NULL, '2021-03-01 20:08:10', '2022-06-15 08:38:29');

-- --------------------------------------------------------

--
-- Table structure for table `subscriptions`
--

CREATE TABLE `subscriptions` (
  `id` bigint(20) UNSIGNED NOT NULL,
  `plan_id` bigint(20) UNSIGNED NOT NULL,
  `user_id` bigint(20) UNSIGNED NOT NULL,
  `amount` decimal(9,2) NOT NULL,
  `currency` varchar(255) COLLATE utf8mb4_unicode_ci NOT NULL,
  `status` varchar(255) COLLATE utf8mb4_unicode_ci NOT NULL,
  `payment_plan` varchar(255) COLLATE utf8mb4_unicode_ci NOT NULL,
  `start_date` date NOT NULL,
  `due_date` date NOT NULL,
  `cancelled_at` timestamp NULL DEFAULT NULL,
  `deleted_at` timestamp NULL DEFAULT NULL,
  `created_at` timestamp NULL DEFAULT NULL,
  `updated_at` timestamp NULL DEFAULT NULL,
  `discount_interval_limit` int(11) NOT NULL DEFAULT '0',
  `coupon_id` int(11) NOT NULL DEFAULT '0',
  `coupon_savings` decimal(5,2) NOT NULL DEFAULT '0.00',
  `is_active` int(11) NOT NULL DEFAULT '0',
  `autorenewal` int(11) NOT NULL DEFAULT '1',
  `first_subscription` tinyint(1) NOT NULL DEFAULT '0'
) ENGINE=InnoDB DEFAULT CHARSET=utf8mb4 COLLATE=utf8mb4_unicode_ci;

--
-- Dumping data for table `subscriptions`
--

INSERT INTO `subscriptions` (`id`, `plan_id`, `user_id`, `amount`, `currency`, `status`, `payment_plan`, `start_date`, `due_date`, `cancelled_at`, `deleted_at`, `created_at`, `updated_at`, `discount_interval_limit`, `coupon_id`, `coupon_savings`, `is_active`, `autorenewal`, `first_subscription`) VALUES
(1, 2, 1, '8000.00', 'NGN', 'cancelled', 'monthly', '2020-11-24', '2020-12-24', '2021-01-16 09:16:55', NULL, '2020-11-24 07:31:33', '2022-01-27 21:39:53', 0, 0, '0.00', 0, 0, 1),
(2, 2, 1, '150.00', 'USD', 'cancelled', 'yearly', '2020-11-24', '2021-11-24', '2021-01-16 12:27:24', NULL, '2020-11-24 07:33:04', '2021-02-13 08:50:20', 0, 0, '0.00', 0, 0, 0),
(3, 2, 76, '8000.00', 'NGN', 'expired', 'monthly', '2020-11-25', '2020-12-25', NULL, NULL, '2020-11-25 11:10:47', '2022-01-27 21:39:53', 0, 0, '0.00', 0, 1, 1),
(4, 3, 80, '15000.00', 'NGN', 'expired', 'monthly', '2020-11-28', '2021-02-16', NULL, NULL, '2020-11-28 19:22:55', '2022-01-27 21:39:53', 0, 0, '0.00', 0, 1, 1),
(5, 2, 1, '8000.00', 'NGN', 'active', 'monthly', '2020-11-29', '2021-02-01', NULL, NULL, '2020-11-29 17:12:26', '2021-02-13 08:50:20', 0, 0, '0.00', 0, 0, 0),
(6, 2, 1, '8000.00', 'NGN', 'active', 'monthly', '2020-12-01', '2021-02-01', NULL, NULL, '2020-11-30 22:14:36', '2021-02-13 08:50:20', 0, 0, '0.00', 0, 0, 0),
(7, 2, 1, '15.00', 'USD', 'active', 'monthly', '2020-12-01', '2021-02-01', NULL, NULL, '2020-11-30 22:15:11', '2021-02-13 08:50:20', 0, 0, '0.00', 0, 0, 0),
(8, 2, 1, '8000.00', 'NGN', 'expired', 'monthly', '2020-12-01', '2021-07-01', NULL, NULL, '2020-12-01 01:21:16', '2021-02-13 08:50:20', 0, 0, '0.00', 0, 0, 0),
(9, 3, 95, '150000.00', 'NGN', 'cancelled', 'yearly', '2020-12-07', '2021-12-07', NULL, NULL, '2020-12-07 17:01:35', '2022-01-27 21:39:53', 0, 0, '0.00', 0, 0, 1),
(10, 2, 96, '8000.00', 'NGN', 'expired', 'monthly', '2020-12-11', '2021-02-14', NULL, NULL, '2020-12-11 06:47:20', '2022-01-27 21:39:53', 0, 0, '0.00', 0, 0, 1),
(11, 3, 1, '150000.00', 'NGN', 'expired', 'yearly', '2020-11-14', '2020-12-14', NULL, NULL, '2020-12-14 03:08:58', '2021-02-13 08:50:20', 0, 0, '0.00', 1, 0, 0),
(12, 2, 101, '8000.00', 'NGN', 'active', 'monthly', '2021-01-13', '2021-02-15', NULL, NULL, '2021-01-13 07:46:06', '2022-01-27 21:39:53', 0, 0, '0.00', 1, 1, 1),
(13, 2, 1, '8000.00', 'NGN', 'expired', 'monthly', '2021-01-16', '2021-04-16', '2021-01-19 16:11:01', NULL, '2021-01-16 12:10:58', '2021-01-19 16:16:07', 0, 0, '0.00', 0, 0, 0),
(14, 2, 103, '8000.00', 'NGN', 'expired', 'monthly', '2021-01-18', '2021-02-13', NULL, NULL, '2021-01-17 20:05:50', '2022-01-27 21:39:53', 0, 0, '0.00', 0, 0, 1),
(15, 2, 1, '8000.00', 'NGN', 'active', 'monthly', '2021-01-19', '2021-02-14', NULL, NULL, '2021-01-19 16:17:13', '2021-02-13 08:50:20', 0, 0, '0.00', 0, 0, 0),
(16, 2, 1, '8000.00', 'NGN', 'expired', 'monthly', '2021-01-19', '2021-01-19', NULL, NULL, '2021-01-19 16:19:02', '2021-02-13 08:50:20', 0, 0, '0.00', 0, 0, 0),
(17, 3, 1, '150000.00', 'NGN', 'active', 'yearly', '2021-01-28', '2022-01-28', NULL, NULL, '2021-01-28 10:35:49', '2021-02-13 08:50:20', 0, 0, '0.00', 1, 0, 0),
(18, 2, 1, '8000.00', 'NGN', 'active', 'monthly', '2021-02-13', '2021-05-13', NULL, NULL, '2021-02-13 08:32:27', '2021-02-13 10:08:43', 0, 3, '0.00', 1, 0, 0),
(19, 3, 1, '15000.00', 'NGN', 'active', 'monthly', '2021-02-13', '2021-02-16', NULL, NULL, '2021-02-13 08:50:20', '2021-02-13 09:05:34', 1, 4, '0.00', 1, 0, 0),
(20, 2, 1, '8000.00', 'NGN', 'active', 'monthly', '2021-02-13', '2021-02-17', NULL, NULL, '2021-02-13 09:05:34', '2021-02-13 09:48:14', 0, 0, '0.00', 1, 0, 0),
(21, 3, 1, '15000.00', 'NGN', 'active', 'monthly', '2021-02-13', '2021-03-13', NULL, NULL, '2021-02-13 09:48:14', '2021-02-13 10:16:19', 3, 3, '0.00', 0, 0, 0),
(22, 3, 1, '15000.00', 'NGN', 'active', 'monthly', '2021-02-13', '2021-08-13', NULL, NULL, '2021-02-13 10:16:19', '2021-02-13 10:34:32', 3, 4, '0.00', 1, 0, 0),
(23, 2, 1, '8000.00', 'NGN', 'active', 'monthly', '2021-02-13', '2021-04-13', NULL, NULL, '2021-02-13 10:34:32', '2021-02-13 10:37:11', 0, 4, '0.00', 1, 0, 0),
(24, 2, 1, '8000.00', 'NGN', 'active', 'monthly', '2021-02-13', '2021-06-13', NULL, NULL, '2021-02-13 10:37:11', '2021-02-13 10:46:32', 5, 3, '0.00', 1, 0, 0),
(25, 3, 1, '15000.00', 'NGN', 'active', 'monthly', '2021-02-13', '2021-04-13', NULL, NULL, '2021-02-13 10:46:32', '2021-02-13 10:48:47', 0, 2, '0.00', 1, 0, 0),
(26, 2, 1, '8000.00', 'NGN', 'cancelled', 'monthly', '2021-02-13', '2021-01-13', NULL, NULL, '2021-02-13 10:48:47', '2021-02-13 13:27:43', 1, 4, '0.00', 0, 0, 0),
(27, 2, 110, '8000.00', 'NGN', 'expired', 'monthly', '2021-02-13', '2021-07-13', '2021-02-13 11:51:16', NULL, '2021-02-13 11:05:45', '2022-01-27 21:39:53', 3, 3, '0.00', 0, 0, 1),
(28, 3, 110, '15000.00', 'NGN', 'cancelled', 'monthly', '2021-02-13', '2021-04-13', NULL, NULL, '2021-02-13 12:05:06', '2021-02-13 12:28:27', 0, 0, '0.00', 0, 0, 0),
(29, 2, 110, '8000.00', 'NGN', 'active', 'monthly', '2021-02-13', '2021-03-13', NULL, NULL, '2021-02-13 12:28:28', '2021-02-13 13:10:52', 0, 0, '0.00', 1, 1, 0),
(30, 3, 1, '15000.00', 'NGN', 'expired', 'monthly', '2021-02-13', '2021-03-13', NULL, NULL, '2021-02-13 13:27:43', '2021-05-09 17:58:37', 1, 3, '0.00', 0, 0, 0),
(31, 2, 111, '8000.00', 'NGN', 'active', 'monthly', '2021-02-14', '2021-03-14', NULL, NULL, '2021-02-14 19:19:35', '2022-01-27 21:39:53', 0, 0, '0.00', 1, 1, 1),
(32, 2, 118, '8000.00', 'NGN', 'cancelled', 'monthly', '2021-03-03', '2021-04-03', NULL, NULL, '2021-03-03 01:33:38', '2022-01-27 21:39:53', 0, 0, '0.00', 0, 0, 1),
(33, 3, 118, '15000.00', 'NGN', 'active', 'monthly', '2021-03-03', '2021-04-03', NULL, NULL, '2021-03-03 05:38:44', '2021-03-03 05:38:44', 0, 0, '0.00', 1, 1, 0),
(34, 2, 120, '8000.00', 'NGN', 'cancelled', 'monthly', '2021-03-05', '2021-04-05', NULL, NULL, '2021-03-05 15:59:20', '2022-01-27 21:39:53', 0, 0, '0.00', 0, 0, 1),
(35, 3, 120, '30.00', 'USD', 'active', 'monthly', '2021-03-05', '2021-04-05', NULL, NULL, '2021-03-05 16:02:46', '2022-03-13 17:42:49', 0, 0, '0.00', 1, 0, 0),
(36, 3, 1, '150000.00', 'NGN', 'active', 'yearly', '2021-03-14', '2022-03-14', NULL, NULL, '2021-03-14 05:05:16', '2021-07-19 05:07:47', 0, 0, '0.00', 1, 0, 0),
(37, 2, 128, '15.00', 'USD', 'active', 'monthly', '2021-03-24', '2021-04-24', NULL, NULL, '2021-03-23 21:46:17', '2022-01-27 21:39:53', 0, 0, '0.00', 1, 1, 1),
(38, 3, 131, '15000.00', 'NGN', 'active', 'monthly', '2021-04-29', '2021-05-29', NULL, NULL, '2021-04-29 14:04:56', '2022-01-27 21:39:53', 0, 0, '0.00', 1, 1, 1),
(39, 2, 133, '8000.00', 'NGN', 'cancelled', 'monthly', '2021-05-09', '2021-06-09', NULL, NULL, '2021-05-09 15:29:25', '2022-01-27 21:39:53', 1, 0, '0.00', 0, 0, 1),
(40, 2, 133, '8000.00', 'NGN', 'active', 'monthly', '2021-05-09', '2021-09-09', NULL, NULL, '2021-05-09 15:32:51', '2021-05-09 18:01:18', 1, 6, '0.00', 1, 1, 0),
(41, 3, 135, '15000.00', 'NGN', 'active', 'monthly', '2021-05-09', '2021-07-09', NULL, NULL, '2021-05-09 18:03:53', '2022-01-27 21:39:53', 1, 6, '0.00', 1, 1, 1),
(42, 3, 136, '300.00', 'USD', 'cancelled', 'yearly', '2021-05-09', '2022-05-09', NULL, NULL, '2021-05-09 18:06:22', '2022-01-27 21:39:53', 1, 6, '0.00', 0, 0, 1),
(43, 3, 136, '300.00', 'USD', 'cancelled', 'yearly', '2021-05-09', '2022-05-09', NULL, NULL, '2021-05-09 18:09:15', '2021-05-09 18:11:22', 0, 0, '0.00', 0, 0, 0),
(44, 3, 136, '300.00', 'USD', 'active', 'yearly', '2021-05-09', '2022-05-09', NULL, NULL, '2021-05-09 18:11:22', '2021-05-09 18:19:05', 1, 6, '0.00', 1, 1, 0),
(45, 2, 1, '8000.00', 'NGN', 'cancelled', 'monthly', '2021-07-28', '2021-08-28', NULL, NULL, '2021-07-28 07:30:52', '2021-07-29 15:39:28', 0, 0, '0.00', 0, 0, 0),
(46, 2, 1, '8000.00', 'NGN', 'cancelled', 'monthly', '2021-07-29', '2021-08-29', NULL, NULL, '2021-07-29 15:39:28', '2021-07-29 16:27:48', 0, 0, '0.00', 0, 0, 0),
(47, 2, 1, '8000.00', 'NGN', 'cancelled', 'monthly', '2021-07-29', '2021-08-29', NULL, NULL, '2021-07-29 16:27:48', '2021-08-08 21:15:36', 0, 0, '0.00', 0, 0, 0),
(48, 3, 1, '30.00', 'USD', 'active', 'monthly', '2021-08-08', '2021-09-08', NULL, NULL, '2021-08-08 21:15:36', '2021-08-08 21:44:49', 0, 0, '0.00', 1, 0, 0),
(49, 2, 1, '15.00', 'USD', 'cancelled', 'monthly', '2021-08-08', '2021-09-08', NULL, NULL, '2021-08-08 21:32:14', '2021-08-08 22:00:49', 0, 0, '0.00', 0, 0, 0),
(50, 2, 1, '2000.00', 'NGN', 'cancelled', 'monthly', '2021-08-08', '2021-09-08', NULL, NULL, '2021-08-08 22:00:49', '2021-08-08 22:03:51', 0, 0, '0.00', 0, 0, 0),
(51, 3, 1, '15000.00', 'NGN', 'expired', 'monthly', '2021-08-08', '2021-09-08', NULL, NULL, '2021-08-08 22:03:51', '2021-08-29 12:46:17', 0, 0, '0.00', 0, 0, 0),
(52, 3, 1, '15000.00', 'NGN', 'cancelled', 'monthly', '2021-08-31', '2021-10-01', NULL, NULL, '2021-08-31 01:03:53', '2021-08-31 01:06:47', 0, 0, '0.00', 0, 0, 0),
(53, 3, 1, '30.00', 'USD', 'cancelled', 'monthly', '2021-08-31', '2021-10-01', NULL, NULL, '2021-08-31 01:06:47', '2021-08-31 01:08:02', 0, 0, '0.00', 0, 0, 0),
(54, 2, 1, '2000.00', 'NGN', 'cancelled', 'monthly', '2021-08-31', '2021-10-01', NULL, NULL, '2021-08-31 01:08:02', '2021-09-26 13:39:34', 0, 0, '0.00', 0, 0, 0),
(55, 3, 231, '15000.00', 'NGN', 'active', 'monthly', '2021-08-31', '2021-10-01', NULL, NULL, '2021-08-31 01:11:30', '2022-01-27 21:39:53', 0, 0, '0.00', 1, 1, 1),
(56, 2, 1, '15.00', 'USD', 'cancelled', 'monthly', '2021-09-26', '2021-10-26', NULL, NULL, '2021-09-26 13:39:34', '2021-09-26 13:42:54', 0, 0, '0.00', 0, 0, 0),
(57, 2, 1, '15.00', 'USD', 'cancelled', 'monthly', '2021-09-26', '2021-10-26', NULL, NULL, '2021-09-26 13:42:54', '2021-09-26 14:39:45', 0, 0, '0.00', 0, 0, 0),
(58, 2, 1, '15.00', 'USD', 'cancelled', 'monthly', '2021-09-26', '2021-10-26', NULL, NULL, '2021-09-26 14:39:45', '2021-10-29 11:31:43', 0, 0, '0.00', 0, 0, 0),
(59, 3, 1, '150000.00', 'NGN', 'cancelled', 'yearly', '2021-10-29', '2022-10-29', NULL, NULL, '2021-10-29 11:31:43', '2022-01-23 17:25:08', 0, 0, '0.00', 0, 0, 0),
(60, 2, 1, '15.00', 'USD', 'cancelled', 'monthly', '2022-01-23', '2025-02-23', NULL, NULL, '2022-01-23 17:25:08', '2022-03-08 01:18:26', 0, 0, '0.00', 0, 0, 0),
(61, 4, 13333, '1000.00', 'NGN', 'active', 'yearly', '2022-01-24', '2023-01-24', '2022-01-24 19:58:19', NULL, '2022-01-24 19:56:52', '2022-05-01 13:12:53', 0, 0, '0.00', 1, 0, 1),
(62, 2, 256, '15.00', 'USD', 'cancelled', 'monthly', '2022-01-27', '2022-02-27', NULL, NULL, '2022-01-27 22:10:09', '2022-01-27 22:12:09', 0, 0, '0.00', 0, 0, 1),
(63, 2, 256, '2000.00', 'NGN', 'active', 'monthly', '2022-01-27', '2022-02-27', NULL, NULL, '2022-01-27 22:12:09', '2022-01-27 22:12:09', 0, 0, '0.00', 1, 1, 0),
(64, 2, 257, '2000.00', 'NGN', 'active', 'monthly', '2022-02-03', '2022-03-03', NULL, NULL, '2022-02-03 11:53:50', '2022-02-03 11:53:55', 0, 0, '0.00', 1, 1, 1),
(65, 4, 12, '1000.00', 'NGN', 'cancelled', 'yearly', '2022-03-03', '2021-03-07', NULL, NULL, '2022-03-03 20:51:31', '2022-05-01 13:12:53', 0, 0, '0.00', 0, 1, 1),
(66, 4, 1, '1000.00', 'NGN', 'cancelled', 'yearly', '2022-03-03', '2023-03-03', NULL, NULL, '2022-03-03 21:25:31', '2022-03-17 00:45:47', 0, 0, '0.00', 0, 0, 0),
(67, 4, 258, '1000.00', 'NGN', 'active', 'yearly', '2022-03-03', '2023-03-03', NULL, NULL, '2022-03-03 21:35:25', '2022-03-03 21:35:27', 0, 0, '0.00', 1, 1, 1),
(68, 3, 1, '30.00', 'USD', 'cancelled', 'monthly', '2022-03-08', '2022-04-08', NULL, NULL, '2022-03-08 01:18:26', '2022-03-28 06:55:04', 0, 0, '0.00', 0, 0, 0),
(69, 4, 264, '1000.00', 'NGN', 'active', 'yearly', '2022-03-10', '2023-03-10', NULL, NULL, '2022-03-10 12:26:45', '2022-03-10 12:26:58', 0, 0, '0.00', 1, 1, 1),
(70, 4, 1, '1000.00', 'NGN', 'active', 'yearly', '2022-03-17', '2023-03-17', NULL, NULL, '2022-03-17 00:45:47', '2022-03-17 00:45:47', 1, 12, '0.00', 1, 1, 0),
(71, 2, 1, '2000.00', 'NGN', 'cancelled', 'monthly', '2022-03-28', '2022-04-28', NULL, NULL, '2022-03-28 06:55:04', '2022-03-28 06:55:59', 0, 0, '0.00', 0, 0, 0),
(72, 2, 1, '2000.00', 'NGN', 'cancelled', 'monthly', '2022-03-28', '2022-04-28', NULL, NULL, '2022-03-28 06:55:59', '2022-03-28 06:56:40', 0, 0, '0.00', 0, 0, 0),
(73, 2, 1, '2000.00', 'NGN', 'cancelled', 'monthly', '2022-03-28', '2022-04-28', NULL, NULL, '2022-03-28 06:56:40', '2022-05-01 14:02:37', 0, 0, '0.00', 0, 0, 0),
(74, 2, 266, '2000.00', 'NGN', 'active', 'monthly', '2022-03-28', '2022-04-28', NULL, NULL, '2022-03-28 06:58:03', '2022-03-28 06:58:06', 0, 0, '0.00', 1, 1, 1),
(75, 2, 269, '2000.00', 'NGN', 'active', 'monthly', '2022-03-29', '2022-04-29', NULL, NULL, '2022-03-29 10:29:46', '2022-03-29 10:29:51', 0, 0, '0.00', 1, 1, 1),
(76, 2, 1, '2000.00', 'NGN', 'cancelled', 'monthly', '2022-05-01', '2022-06-01', NULL, NULL, '2022-05-01 14:02:37', '2022-05-09 15:41:59', 0, 0, '0.00', 0, 0, 0),
(77, 3, 271, '15000.00', 'NGN', 'active', 'monthly', '2022-05-01', '2022-06-01', NULL, NULL, '2022-05-01 14:15:30', '2022-05-09 23:12:21', 0, 0, '0.00', 1, 0, 1),
(78, 3, 1, '30.00', 'USD', 'cancelled', 'monthly', '2022-05-09', '2022-06-09', NULL, NULL, '2022-05-09 15:41:59', '2022-05-30 03:34:37', 0, 0, '0.00', 0, 0, 0),
(79, 5, 286, '1000.00', 'NGN', 'cancelled', 'yearly', '2022-05-19', '2023-05-19', NULL, NULL, '2022-05-19 07:18:21', '2022-05-19 07:40:45', 0, 0, '0.00', 0, 0, 1),
(80, 4, 286, '1000.00', 'NGN', 'cancelled', 'yearly', '2022-05-19', '2023-05-19', NULL, NULL, '2022-05-19 07:40:45', '2022-05-19 07:42:55', 0, 0, '0.00', 0, 0, 0),
(81, 4, 286, '1000.00', 'NGN', 'active', 'yearly', '2022-05-19', '2023-05-19', NULL, NULL, '2022-05-19 07:42:55', '2022-05-19 07:42:55', 0, 0, '0.00', 1, 0, 0),
(82, 3, 286, '15000.00', 'NGN', 'active', 'monthly', '2022-05-19', '2022-06-19', NULL, NULL, '2022-05-19 07:43:50', '2022-05-19 07:43:50', 0, 0, '0.00', 1, 1, 0),
(83, 2, 1, '110.00', 'USD', 'cancelled', 'biannual', '2022-02-02', '2023-05-30', NULL, NULL, '2022-05-30 03:34:37', '2022-06-12 23:00:27', 0, 0, '0.00', 0, 0, 0),
(84, 2, 1, '15.00', 'USD', 'active', 'monthly', '2022-06-13', '2022-07-13', NULL, NULL, '2022-06-12 23:00:27', '2022-06-12 23:00:27', 1, 15, '0.00', 1, 0, 0),
(85, 3, 1, '300.00', 'USD', 'active', 'yearly', '2022-06-13', '2023-06-13', NULL, NULL, '2022-06-12 23:01:15', '2022-06-12 23:01:15', 1, 15, '0.00', 1, 0, 0);

-- --------------------------------------------------------

--
-- Table structure for table `subscription_transactions`
--

CREATE TABLE `subscription_transactions` (
  `id` bigint(20) UNSIGNED NOT NULL,
  `user_id` int(10) UNSIGNED NOT NULL,
  `plan_id` bigint(20) UNSIGNED NOT NULL,
  `subscription_id` bigint(20) UNSIGNED DEFAULT NULL,
  `payment_plan` varchar(255) COLLATE utf8mb4_unicode_ci NOT NULL,
  `currency` varchar(255) COLLATE utf8mb4_unicode_ci NOT NULL,
  `payment_gateway` varchar(255) COLLATE utf8mb4_unicode_ci NOT NULL,
  `status` varchar(255) COLLATE utf8mb4_unicode_ci NOT NULL,
  `type` varchar(255) COLLATE utf8mb4_unicode_ci DEFAULT NULL,
  `coupon_id` int(11) DEFAULT NULL,
  `reference` varchar(255) COLLATE utf8mb4_unicode_ci NOT NULL,
  `amount` decimal(9,2) NOT NULL,
  `deleted_at` timestamp NULL DEFAULT NULL,
  `created_at` timestamp NULL DEFAULT NULL,
  `updated_at` timestamp NULL DEFAULT NULL,
  `selar_profit` double NOT NULL DEFAULT '0',
  `payment_gateway_fees` double NOT NULL DEFAULT '0',
  `gateway_reference` varchar(255) COLLATE utf8mb4_unicode_ci DEFAULT NULL,
  `first_subscription_transaction` tinyint(1) NOT NULL DEFAULT '0'
) ENGINE=InnoDB DEFAULT CHARSET=utf8mb4 COLLATE=utf8mb4_unicode_ci;

--
-- Dumping data for table `subscription_transactions`
--

INSERT INTO `subscription_transactions` (`id`, `user_id`, `plan_id`, `subscription_id`, `payment_plan`, `currency`, `payment_gateway`, `status`, `type`, `coupon_id`, `reference`, `amount`, `deleted_at`, `created_at`, `updated_at`, `selar_profit`, `payment_gateway_fees`, `gateway_reference`, `first_subscription_transaction`) VALUES
(1, 1, 2, NULL, 'monthly', 'NGN', 'paystack', 'pending', NULL, NULL, 'SS7161YK', '8000.00', NULL, '2020-11-24 07:26:14', '2021-05-09 06:11:13', 8000, 0, NULL, 0),
(2, 1, 2, NULL, 'monthly', 'NGN', 'paystack', 'paid', NULL, NULL, 'SSD47956', '8000.00', NULL, '2020-11-24 07:31:19', '2021-05-09 06:11:16', 7888, 112, NULL, 0),
(3, 1, 2, NULL, 'yearly', 'USD', 'stripe', 'paid', NULL, NULL, 'SS92275Z', '150.00', NULL, '2020-11-24 07:32:05', '2021-05-09 06:11:16', 145.35, 4.65, NULL, 0),
(4, 1, 2, NULL, 'yearly', 'USD', 'stripe', 'pending', NULL, NULL, 'SS144661', '150.00', NULL, '2020-11-24 13:46:59', '2021-05-09 06:11:16', 145.35, 4.65, NULL, 0),
(5, 1, 2, NULL, 'yearly', 'USD', 'stripe', 'pending', NULL, NULL, 'SSA604G2', '150.00', NULL, '2020-11-24 13:47:56', '2021-05-09 06:11:16', 145.35, 4.65, NULL, 0),
(6, 76, 2, NULL, 'monthly', 'NGN', 'paystack', 'paid', NULL, NULL, 'SS034022', '8000.00', NULL, '2020-11-25 11:10:25', '2021-05-09 06:11:17', 7888, 112, NULL, 0),
(7, 1, 2, NULL, 'monthly', 'NGN', 'paystack', 'pending', NULL, NULL, 'SSJR1516', '8000.00', NULL, '2020-11-28 17:15:57', '2021-05-09 06:11:19', 8000, 0, NULL, 0),
(8, 80, 3, NULL, 'monthly', 'NGN', 'paystack', 'paid', NULL, NULL, 'SS06Y1N0', '15000.00', NULL, '2020-11-28 19:22:40', '2021-05-09 06:11:20', 14790, 210, NULL, 0),
(9, 1, 2, NULL, 'monthly', 'NGN', 'flutterwave', 'paid', NULL, NULL, 'SS844E26', '8000.00', NULL, '2020-11-29 17:11:38', '2021-05-09 06:11:22', 7696, 304, NULL, 0),
(10, 1, 2, NULL, 'monthly', 'NGN', 'flutterwave', 'paid', NULL, NULL, 'SS9888U7', '8000.00', NULL, '2020-11-30 22:13:43', '2021-05-09 06:11:24', 7696, 304, NULL, 0),
(11, 1, 2, NULL, 'monthly', 'USD', 'stripe', 'paid', NULL, NULL, 'SS86T0RZ', '15.00', NULL, '2020-11-30 22:14:51', '2021-05-09 06:11:24', 14.265, 0.735, NULL, 0),
(12, 1, 2, NULL, 'monthly', 'NGN', 'flutterwave', 'pending', NULL, NULL, 'SS67Y78M', '8000.00', NULL, '2020-12-01 01:19:37', '2021-05-09 06:11:28', 8000, 0, NULL, 0),
(13, 1, 2, NULL, 'monthly', 'NGN', 'paystack', 'paid', NULL, NULL, 'SS0005BF', '8000.00', NULL, '2020-12-01 01:20:57', '2021-05-09 06:11:29', 7888, 112, NULL, 0),
(14, 95, 3, NULL, 'yearly', 'NGN', 'paystack', 'paid', NULL, NULL, 'SS5033W2', '150000.00', NULL, '2020-12-07 17:01:19', '2021-05-09 06:11:30', 148000, 2000, NULL, 0),
(15, 96, 2, NULL, 'monthly', 'NGN', 'paystack', 'paid', NULL, NULL, 'SS68IIPD', '8000.00', NULL, '2020-12-11 06:46:53', '2021-05-09 06:11:31', 7888, 112, NULL, 0),
(16, 1, 3, NULL, 'yearly', 'NGN', 'paystack', 'paid', NULL, NULL, 'SSW179BX', '150000.00', NULL, '2020-12-14 03:08:39', '2021-05-09 06:11:31', 148000, 2000, NULL, 0),
(17, 101, 2, NULL, 'monthly', 'NGN', 'paystack', 'paid', NULL, NULL, 'SS113R11', '8000.00', NULL, '2021-01-13 07:45:55', '2021-05-09 06:11:33', 7888, 112, NULL, 0),
(18, 1, 2, NULL, 'monthly', 'NGN', 'paystack', 'paid', 'new_subscription', NULL, 'SS22863B', '8000.00', NULL, '2021-01-16 12:10:44', '2021-05-09 06:11:34', 7888, 112, NULL, 0),
(19, 103, 2, NULL, 'monthly', 'NGN', 'paystack', 'paid', NULL, NULL, 'SS01163F', '8000.00', NULL, '2021-01-17 20:05:39', '2021-05-09 06:11:35', 7888, 112, NULL, 0),
(20, 1, 2, 8, 'monthly', 'NGN', 'paystack', 'pending', 'subscription_renewal', NULL, 'SS85416T', '8000.00', NULL, '2021-01-19 09:10:41', '2021-05-09 06:11:37', 8000, 0, NULL, 0),
(21, 1, 2, 8, 'monthly', 'NGN', 'paystack', 'pending', 'subscription_renewal', NULL, 'SS16F8U8', '8000.00', NULL, '2021-01-19 09:11:20', '2021-05-09 06:11:38', 8000, 0, NULL, 0),
(22, 1, 2, 8, 'monthly', 'NGN', 'paystack', 'failed', 'subscription_renewal', NULL, 'SS13O601', '8000.00', NULL, '2021-01-19 09:12:19', '2021-05-09 06:11:39', 8000, 0, NULL, 0),
(23, 1, 2, 8, 'monthly', 'NGN', 'paystack', 'failed', 'subscription_renewal', NULL, 'SS660GL7', '8000.00', NULL, '2021-01-19 09:12:50', '2021-05-09 06:11:41', 8000, 0, NULL, 0),
(24, 1, 2, 7, 'monthly', 'USD', 'stripe', 'paid', 'subscription_renewal', NULL, 'SS1N63IH', '15.00', NULL, '2021-01-19 10:43:14', '2021-05-09 06:11:41', 14.265, 0.735, NULL, 0),
(25, 1, 2, 6, 'monthly', 'NGN', 'flutterwave', 'paid', 'subscription_renewal', NULL, 'SSR90769', '8000.00', NULL, '2021-01-19 10:44:29', '2021-05-09 06:11:43', 7696, 304, NULL, 0),
(26, 103, 2, 14, 'monthly', 'NGN', 'paystack', 'paid', 'subscription_renewal', NULL, 'SSN64C26', '8000.00', NULL, '2021-01-19 10:45:49', '2022-05-01 13:12:54', 7888, 112, NULL, 1),
(27, 1, 2, 13, 'monthly', 'NGN', 'paystack', 'paid', 'subscription_renewal', NULL, 'SS008248', '8000.00', NULL, '2021-01-19 10:58:28', '2021-05-09 06:11:45', 7888, 112, NULL, 0),
(28, 1, 2, 13, 'monthly', 'NGN', 'paystack', 'failed', 'subscription_renewal', NULL, 'SS3404G8', '8000.00', NULL, '2021-01-19 10:59:00', '2021-05-09 06:11:46', 8000, 0, NULL, 0),
(29, 1, 2, 13, 'monthly', 'NGN', 'paystack', 'failed', 'subscription_renewal', NULL, 'SS81PQ3S', '8000.00', NULL, '2021-01-19 11:03:56', '2021-05-09 06:11:46', 8000, 0, NULL, 0),
(30, 1, 2, 13, 'monthly', 'NGN', 'paystack', 'failed', 'subscription_renewal', NULL, 'SS78T3NS', '8000.00', NULL, '2021-01-19 16:03:07', '2021-05-09 06:11:47', 8000, 0, NULL, 0),
(31, 1, 2, 13, 'monthly', 'NGN', 'paystack', 'failed', 'subscription_renewal', NULL, 'SS11FCFW', '8000.00', NULL, '2021-01-19 16:03:47', '2021-05-09 06:11:48', 8000, 0, NULL, 0),
(32, 1, 2, 13, 'monthly', 'NGN', 'stripe', 'pending', 'subscription_renewal', NULL, 'SS121266', '9999999.99', NULL, '2021-01-19 16:06:02', '2021-05-09 06:11:48', 9997999.99, 2000, NULL, 0),
(33, 1, 2, 13, 'monthly', 'NGN', 'flutterwave', 'failed', 'subscription_renewal', NULL, 'SS1B01L1', '9999999.99', NULL, '2021-01-19 16:06:48', '2021-05-09 06:11:50', 9999999.99, 0, NULL, 0),
(34, 1, 2, 13, 'monthly', 'NGN', 'flutterwave', 'paid', 'subscription_renewal', NULL, 'SSYS6666', '8000.00', NULL, '2021-01-19 16:07:18', '2021-05-09 06:11:52', 7696, 304, NULL, 0),
(35, 1, 2, 13, 'monthly', 'NGN', 'paystack', 'failed', 'subscription_renewal', NULL, 'SSMO3Z16', '8000.00', NULL, '2021-01-19 16:16:05', '2021-05-09 06:11:53', 8000, 0, NULL, 0),
(36, 1, 2, NULL, 'monthly', 'NGN', 'paystack', 'pending', 'new_subscription', NULL, 'SS7S1A8Z', '8000.00', NULL, '2021-01-19 16:16:16', '2021-05-09 06:11:55', 8000, 0, NULL, 0),
(37, 1, 2, NULL, 'monthly', 'NGN', 'paystack', 'paid', 'new_subscription', NULL, 'SS016TXZ', '8000.00', NULL, '2021-01-19 16:17:03', '2021-05-09 06:11:56', 7888, 112, NULL, 0),
(38, 1, 2, NULL, 'monthly', 'NGN', 'paystack', 'paid', 'new_subscription', NULL, 'SSU1CU16', '8000.00', NULL, '2021-01-19 16:18:49', '2021-05-09 06:11:56', 7888, 112, NULL, 0),
(39, 76, 2, 3, 'monthly', 'NGN', 'paystack', 'failed', 'subscription_renewal', NULL, 'SS9025Q9', '8000.00', NULL, '2021-01-19 17:11:02', '2022-05-01 13:12:54', 8000, 0, NULL, 1),
(40, 80, 3, 4, 'monthly', 'NGN', 'paystack', 'failed', 'subscription_renewal', NULL, 'SS60N266', '15000.00', NULL, '2021-01-19 17:11:08', '2022-05-01 13:12:54', 15000, 0, NULL, 1),
(41, 1, 2, 5, 'monthly', 'NGN', 'flutterwave', 'paid', 'subscription_renewal', NULL, 'SSBK1C66', '8000.00', NULL, '2021-01-19 17:11:13', '2021-05-09 06:12:01', 7696, 304, NULL, 0),
(42, 96, 2, 10, 'monthly', 'NGN', 'paystack', 'failed', 'subscription_renewal', NULL, 'SSDW6X70', '8000.00', NULL, '2021-01-19 17:11:17', '2022-05-01 13:12:54', 8000, 0, NULL, 1),
(43, 76, 2, 3, 'monthly', 'NGN', 'paystack', 'failed', 'subscription_renewal', NULL, 'SS1MU901', '8000.00', NULL, '2021-01-19 17:21:35', '2021-05-09 06:12:03', 8000, 0, NULL, 0),
(44, 80, 3, 4, 'monthly', 'NGN', 'paystack', 'failed', 'subscription_renewal', NULL, 'SS09KQ60', '15000.00', NULL, '2021-01-19 17:21:36', '2021-05-09 06:12:04', 15000, 0, NULL, 0),
(45, 96, 2, 10, 'monthly', 'NGN', 'paystack', 'failed', 'subscription_renewal', NULL, 'SS906123', '8000.00', NULL, '2021-01-19 17:21:37', '2021-05-09 06:12:05', 8000, 0, NULL, 0),
(46, 76, 2, 3, 'monthly', 'NGN', 'paystack', 'failed', 'subscription_renewal', NULL, 'SS111758', '8000.00', NULL, '2021-01-19 17:24:45', '2021-05-09 06:12:05', 8000, 0, NULL, 0),
(47, 80, 3, 4, 'monthly', 'NGN', 'paystack', 'failed', 'subscription_renewal', NULL, 'SS604043', '15000.00', NULL, '2021-01-19 17:24:53', '2021-05-09 06:12:07', 15000, 0, NULL, 0),
(48, 1, 2, 5, 'monthly', 'NGN', 'flutterwave', 'paid', 'subscription_renewal', NULL, 'SS1G9191', '8000.00', NULL, '2021-01-19 17:24:58', '2021-05-09 06:12:08', 7696, 304, NULL, 0),
(49, 1, 2, 6, 'monthly', 'NGN', 'flutterwave', 'paid', 'subscription_renewal', NULL, 'SS11DB01', '8000.00', NULL, '2021-01-19 17:25:04', '2021-05-09 06:12:11', 7696, 304, NULL, 0),
(50, 1, 2, 7, 'monthly', 'USD', 'stripe', 'paid', 'subscription_renewal', NULL, 'SSTOZ159', '15.00', NULL, '2021-01-19 17:25:10', '2021-05-09 06:12:11', 14.265, 0.735, NULL, 0),
(51, 96, 2, 10, 'monthly', 'NGN', 'paystack', 'failed', 'subscription_renewal', NULL, 'SS9Y0692', '8000.00', NULL, '2021-01-19 17:25:12', '2021-05-09 06:12:12', 8000, 0, NULL, 0),
(52, 101, 2, 12, 'monthly', 'NGN', 'paystack', 'paid', 'subscription_renewal', NULL, 'SS49V5T0', '8000.00', NULL, '2021-01-19 17:25:14', '2022-05-01 13:12:54', 7888, 112, NULL, 1),
(53, 1, 3, 11, 'yearly', 'NGN', 'paystack', 'failed', 'subscription_renewal', NULL, 'SS14B707', '150000.00', NULL, '2021-01-21 10:53:11', '2021-05-09 06:12:15', 150000, 0, NULL, 0),
(54, 1, 3, 11, 'yearly', 'NGN', 'paystack', 'failed', 'subscription_renewal', NULL, 'SS931004', '150000.00', NULL, '2021-01-21 10:56:30', '2021-05-09 06:12:16', 150000, 0, NULL, 0),
(55, 1, 3, 11, 'yearly', 'NGN', 'paystack', 'failed', 'subscription_renewal', NULL, 'SS0A1T96', '150000.00', NULL, '2021-01-21 10:57:23', '2021-05-09 06:12:18', 150000, 0, NULL, 0),
(56, 1, 3, NULL, 'yearly', 'NGN', 'paystack', 'paid', 'new_subscription', NULL, 'SS98789K', '150000.00', NULL, '2021-01-28 10:35:37', '2021-05-09 06:12:19', 148000, 2000, NULL, 0),
(57, 1, 2, NULL, 'monthly', 'NGN', 'paystack', 'pending', 'new_subscription', NULL, 'SS218T1S', '8000.00', NULL, '2021-02-13 07:31:23', '2021-05-09 06:12:20', 8000, 0, NULL, 0),
(58, 1, 2, NULL, 'monthly', 'NGN', 'paystack', 'pending', 'new_subscription', NULL, 'SS152369', '8000.00', NULL, '2021-02-13 07:32:51', '2021-05-09 06:12:21', 8000, 0, NULL, 0),
(59, 1, 2, NULL, 'monthly', 'NGN', 'paystack', 'pending', 'new_subscription', 3, 'SSY3592X', '5600.00', NULL, '2021-02-13 08:29:56', '2021-05-09 06:12:23', 5600, 0, NULL, 0),
(60, 1, 2, NULL, 'monthly', 'NGN', 'paystack', 'paid', 'new_subscription', 3, 'SSOY23ZF', '5600.00', NULL, '2021-02-13 08:32:12', '2021-05-09 06:12:25', 5521.6, 78.4, NULL, 0),
(61, 1, 3, NULL, 'monthly', 'NGN', 'paystack', 'paid', 'new_subscription', 4, 'SS2Y1J93', '9750.00', NULL, '2021-02-13 08:49:59', '2021-05-09 06:12:26', 9613.5, 136.5, NULL, 0),
(62, 1, 2, NULL, 'monthly', 'NGN', 'paystack', 'paid', 'new_subscription', NULL, 'SSJ199GL', '8000.00', NULL, '2021-02-13 09:05:09', '2021-05-09 06:12:27', 7888, 112, NULL, 0),
(63, 1, 2, 18, 'monthly', 'NGN', 'paystack', 'failed', 'subscription_renewal', 3, 'SS8PUBU2', '5600.00', NULL, '2021-02-13 09:19:43', '2021-05-09 06:12:28', 5600, 0, NULL, 0),
(64, 1, 2, 18, 'monthly', 'NGN', 'paystack', 'paid', 'subscription_renewal', 3, 'SS2Z0222', '5600.00', NULL, '2021-02-13 09:22:40', '2021-05-09 06:12:28', 5521.6, 78.4, NULL, 0),
(65, 1, 3, NULL, 'monthly', 'NGN', 'paystack', 'pending', 'new_subscription', NULL, 'SS635XZN', '15000.00', NULL, '2021-02-13 09:47:36', '2021-05-09 06:12:29', 15000, 0, NULL, 0),
(66, 1, 3, 21, 'monthly', 'NGN', 'paystack', 'paid', 'new_subscription', 3, 'SS472K62', '10500.00', NULL, '2021-02-13 09:47:56', '2021-05-09 06:12:31', 10353, 147, NULL, 0),
(67, 1, 2, 18, 'monthly', 'NGN', 'paystack', 'paid', 'subscription_renewal', 3, 'SS623123', '8000.00', NULL, '2021-02-13 10:08:42', '2021-05-09 06:12:32', 7888, 112, NULL, 0),
(68, 1, 3, 22, 'monthly', 'NGN', 'paystack', 'paid', 'new_subscription', 3, 'SS752N46', '10500.00', NULL, '2021-02-13 10:15:59', '2021-05-09 06:12:33', 10353, 147, NULL, 0),
(69, 1, 3, 22, 'monthly', 'NGN', 'paystack', 'paid', 'subscription_renewal', 3, 'SS6241E5', '10500.00', NULL, '2021-02-13 10:18:54', '2021-05-09 06:12:34', 10353, 147, NULL, 0),
(70, 1, 3, 22, 'monthly', 'NGN', 'paystack', 'paid', 'subscription_renewal', 3, 'SS10V66G', '15000.00', NULL, '2021-02-13 10:22:41', '2021-05-09 06:12:35', 14790, 210, NULL, 0),
(71, 1, 3, 22, 'monthly', 'NGN', 'paystack', 'paid', 'subscription_renewal', 4, 'SS487337', '15000.00', NULL, '2021-02-13 10:25:07', '2021-05-09 06:12:36', 14790, 210, NULL, 0),
(72, 1, 3, 22, 'monthly', 'NGN', 'paystack', 'paid', 'subscription_renewal', 4, 'SS1K3B61', '9750.00', NULL, '2021-02-13 10:29:25', '2021-05-09 06:12:37', 9613.5, 136.5, NULL, 0),
(73, 1, 3, 22, 'monthly', 'NGN', 'paystack', 'paid', 'subscription_renewal', 4, 'SS21R632', '15000.00', NULL, '2021-02-13 10:30:03', '2021-05-09 06:12:38', 14790, 210, NULL, 0),
(74, 1, 2, 23, 'monthly', 'NGN', 'paystack', 'paid', 'new_subscription', 4, 'SS1X105O', '5200.00', NULL, '2021-02-13 10:34:20', '2021-05-09 06:12:40', 5127.2, 72.8, NULL, 0),
(75, 1, 2, 23, 'monthly', 'NGN', 'paystack', 'paid', 'subscription_renewal', 4, 'SS132T2L', '8000.00', NULL, '2021-02-13 10:34:56', '2021-05-09 06:12:41', 7888, 112, NULL, 0),
(76, 1, 2, 24, 'monthly', 'NGN', 'paystack', 'paid', 'new_subscription', 3, 'SSIR1724', '5600.00', NULL, '2021-02-13 10:37:02', '2021-05-09 06:12:42', 5521.6, 78.4, NULL, 0),
(77, 1, 2, 24, 'monthly', 'NGN', 'paystack', 'paid', 'subscription_renewal', 3, 'SS72IL11', '8000.00', NULL, '2021-02-13 10:41:14', '2021-05-09 06:12:43', 7888, 112, NULL, 0),
(78, 1, 2, 24, 'monthly', 'NGN', 'paystack', 'paid', 'subscription_renewal', 3, 'SSW61013', '8000.00', NULL, '2021-02-13 10:41:42', '2021-05-09 06:12:44', 7888, 112, NULL, 0),
(79, 1, 2, 24, 'monthly', 'NGN', 'paystack', 'pending', 'subscription_renewal', 3, 'SS1KA11S', '8000.00', NULL, '2021-02-13 10:41:50', '2021-05-09 06:12:45', 7888, 112, NULL, 0),
(80, 1, 2, 24, 'monthly', 'NGN', 'paystack', 'paid', 'subscription_renewal', 3, 'SS2311N6', '8000.00', NULL, '2021-02-13 10:42:26', '2021-05-09 06:12:47', 7888, 112, NULL, 0),
(81, 1, 2, 24, 'monthly', 'NGN', 'paystack', 'paid', 'subscription_renewal', 3, 'SS6DKF22', '5600.00', NULL, '2021-02-13 10:45:26', '2021-05-09 06:12:47', 5521.6, 78.4, NULL, 0),
(82, 1, 3, 25, 'monthly', 'NGN', 'paystack', 'paid', 'new_subscription', 2, 'SS553770', '13500.00', NULL, '2021-02-13 10:46:15', '2021-05-09 06:12:48', 13311, 189, NULL, 0),
(83, 1, 3, 25, 'monthly', 'NGN', 'paystack', 'paid', 'subscription_renewal', 2, 'SS1W2UP1', '13500.00', NULL, '2021-02-13 10:46:51', '2021-05-09 06:12:49', 13311, 189, NULL, 0),
(84, 1, 2, 26, 'monthly', 'NGN', 'paystack', 'paid', 'new_subscription', 4, 'SSHO357D', '5200.00', NULL, '2021-02-13 10:48:28', '2021-05-09 06:12:50', 5127.2, 72.8, NULL, 0),
(85, 1, 2, 26, 'monthly', 'NGN', 'paystack', 'paid', 'subscription_renewal', 4, 'SSY575L6', '8000.00', NULL, '2021-02-13 10:49:15', '2021-05-09 06:12:51', 7888, 112, NULL, 0),
(86, 1, 2, 26, 'monthly', 'NGN', 'paystack', 'failed', 'subscription_renewal', 4, 'SS44OBH2', '8000.00', NULL, '2021-02-13 10:57:24', '2021-05-09 06:12:52', 8000, 0, NULL, 0),
(87, 110, 2, 27, 'monthly', 'NGN', 'paystack', 'paid', 'new_subscription', 3, 'SSDB1527', '5600.00', NULL, '2021-02-13 11:05:29', '2022-05-01 13:12:54', 5521.6, 78.4, NULL, 1),
(88, 110, 2, 27, 'monthly', 'NGN', 'paystack', 'paid', 'subscription_renewal', 3, 'SSBSW766', '5600.00', NULL, '2021-02-13 11:06:29', '2021-05-09 06:12:54', 5521.6, 78.4, NULL, 0),
(89, 110, 2, 27, 'monthly', 'NGN', 'paystack', 'paid', 'subscription_renewal', 3, 'SSN99HS6', '5600.00', NULL, '2021-02-13 11:06:38', '2021-05-09 06:12:54', 5521.6, 78.4, NULL, 0),
(90, 110, 2, 27, 'monthly', 'NGN', 'paystack', 'paid', 'subscription_renewal', 3, 'SSA2C232', '8000.00', NULL, '2021-02-13 11:06:46', '2021-05-09 06:12:56', 7888, 112, NULL, 0),
(91, 110, 2, 27, 'monthly', 'NGN', 'paystack', 'failed', 'subscription_renewal', 3, 'SS652112', '8000.00', NULL, '2021-02-13 11:07:34', '2021-05-09 06:12:57', 8000, 0, NULL, 0),
(92, 110, 2, 27, 'monthly', 'NGN', 'paystack', 'failed', 'subscription_renewal', 3, 'SSV11631', '8000.00', NULL, '2021-02-13 11:49:01', '2021-05-09 06:12:58', 8000, 0, NULL, 0),
(93, 110, 2, 27, 'monthly', 'NGN', 'paystack', 'failed', 'subscription_renewal', 3, 'SSTV16P6', '8000.00', NULL, '2021-02-13 11:55:41', '2021-05-09 06:12:59', 8000, 0, NULL, 0),
(94, 110, 2, 27, 'monthly', 'NGN', 'paystack', 'paid', 'subscription_renewal', 3, 'SSD11363', '8000.00', NULL, '2021-02-13 11:56:04', '2021-05-09 06:13:00', 7888, 112, NULL, 0),
(95, 110, 2, 27, 'monthly', 'NGN', 'paystack', 'failed', 'subscription_renewal', 3, 'SS932U1S', '8000.00', NULL, '2021-02-13 12:03:23', '2021-05-09 06:13:02', 8000, 0, NULL, 0),
(96, 110, 2, 27, 'monthly', 'NGN', 'paystack', 'failed', 'subscription_renewal', 3, 'SSC32026', '8000.00', NULL, '2021-02-13 12:04:02', '2021-05-09 06:13:03', 8000, 0, NULL, 0),
(97, 110, 3, 28, 'monthly', 'NGN', 'paystack', 'paid', 'new_subscription', NULL, 'SS9I3111', '15000.00', NULL, '2021-02-13 12:04:51', '2021-05-09 06:13:04', 14790, 210, NULL, 0),
(98, 110, 3, 28, 'monthly', 'NGN', 'paystack', 'failed', 'subscription_renewal', 0, 'SSL33116', '15000.00', NULL, '2021-02-13 12:05:33', '2021-05-09 06:13:05', 15000, 0, NULL, 0),
(99, 110, 3, 28, 'monthly', 'NGN', 'paystack', 'paid', 'subscription_renewal', 0, 'SSNR216X', '15000.00', NULL, '2021-02-13 12:05:52', '2021-05-09 06:13:06', 14790, 210, NULL, 0),
(100, 110, 2, NULL, 'monthly', 'NGN', 'paystack', 'pending', 'new_subscription', 4, 'SS96C266', '8000.00', NULL, '2021-02-13 12:22:49', '2021-05-09 06:13:07', 8000, 0, NULL, 0),
(101, 110, 2, NULL, 'monthly', 'NGN', 'paystack', 'pending', 'new_subscription', 4, 'SS932UB1', '5200.00', NULL, '2021-02-13 12:23:16', '2021-05-09 06:13:08', 5200, 0, NULL, 0),
(102, 110, 2, 29, 'monthly', 'NGN', 'paystack', 'paid', 'new_subscription', NULL, 'SS0063U1', '8000.00', NULL, '2021-02-13 12:28:10', '2021-05-09 06:13:08', 7888, 112, NULL, 0),
(103, 101, 2, 12, 'monthly', 'NGN', 'paystack', 'paid', 'subscription_renewal', 0, 'SS31Y31R', '8000.00', NULL, '2021-02-13 13:10:46', '2021-05-09 06:13:09', 7888, 112, NULL, 0),
(104, 103, 2, 14, 'monthly', 'NGN', 'paystack', 'paid', 'subscription_renewal', 0, 'SS67T32V', '8000.00', NULL, '2021-02-13 13:10:47', '2021-05-09 06:13:10', 7888, 112, NULL, 0),
(105, 1, 2, 26, 'monthly', 'NGN', 'paystack', 'failed', 'subscription_renewal', 4, 'SST436L6', '8000.00', NULL, '2021-02-13 13:10:49', '2021-05-09 06:13:12', 8000, 0, NULL, 0),
(106, 110, 2, 29, 'monthly', 'NGN', 'paystack', 'paid', 'subscription_renewal', 0, 'SS531U41', '8000.00', NULL, '2021-02-13 13:10:51', '2021-05-09 06:13:13', 7888, 112, NULL, 0),
(107, 1, 2, 26, 'monthly', 'NGN', 'paystack', 'failed', 'subscription_renewal', 4, 'SS2IM593', '8000.00', NULL, '2021-02-13 13:11:39', '2021-05-09 06:13:14', 8000, 0, NULL, 0),
(108, 1, 3, 30, 'monthly', 'NGN', 'paystack', 'paid', 'new_subscription', 3, 'SS734134', '10500.00', NULL, '2021-02-13 13:27:27', '2021-05-09 06:13:16', 10353, 147, NULL, 0),
(109, 111, 2, 31, 'monthly', 'NGN', 'paystack', 'paid', 'new_subscription', 0, 'SS496106', '8000.00', NULL, '2021-02-14 19:19:20', '2022-05-01 13:12:54', 7888, 112, NULL, 1),
(110, 118, 2, 32, 'monthly', 'NGN', 'paystack', 'paid', 'new_subscription', 0, 'SSM91464', '8000.00', NULL, '2021-03-03 01:33:16', '2022-05-01 13:12:54', 7888, 112, NULL, 1),
(111, 118, 3, 33, 'monthly', 'NGN', 'paystack', 'paid', 'new_subscription', 0, 'SSEC11B6', '15000.00', NULL, '2021-03-03 05:38:25', '2021-05-09 06:13:19', 14790, 210, NULL, 0),
(112, 1, 2, NULL, 'monthly', 'NGN', 'paystack', 'pending', 'new_subscription', 0, 'SS44EWRP', '8000.00', NULL, '2021-03-05 15:41:00', '2021-05-09 06:13:19', 8000, 0, NULL, 0),
(113, 120, 2, 34, 'monthly', 'NGN', 'paystack', 'paid', 'new_subscription', 0, 'SS1364B3', '8000.00', NULL, '2021-03-05 15:59:11', '2022-05-01 13:12:54', 7888, 112, NULL, 1),
(114, 120, 3, 35, 'monthly', 'USD', 'stripe', 'paid', 'new_subscription', 0, 'SS6D1660', '30.00', NULL, '2021-03-05 16:02:26', '2021-05-09 06:13:20', 28.83, 1.17, NULL, 0),
(115, 1, 3, 36, 'yearly', 'NGN', 'paystack', 'paid', 'new_subscription', 0, 'SSZS42Y6', '150000.00', NULL, '2021-03-14 05:04:59', '2021-05-09 06:13:21', 148000, 2000, NULL, 0),
(116, 128, 2, 37, 'monthly', 'USD', 'stripe', 'paid', 'new_subscription', 0, 'SS016250', '15.00', NULL, '2021-03-23 21:45:56', '2022-05-01 13:12:54', 14.265, 0.735, NULL, 1),
(117, 131, 3, 38, 'monthly', 'NGN', 'paystack', 'paid', 'new_subscription', 0, 'SSR61S71', '15000.00', NULL, '2021-04-29 14:04:03', '2022-05-01 13:12:54', 14790, 210, NULL, 1),
(118, 133, 2, 39, 'monthly', 'NGN', 'paystack', 'paid', 'new_subscription', 0, 'SS069Q27', '7200.00', NULL, '2021-05-09 15:29:15', '2022-05-01 13:12:54', 7099.2, 100.8, NULL, 1),
(119, 133, 2, 40, 'monthly', 'NGN', 'paystack', 'paid', 'new_subscription', 6, 'SS1W9513', '7200.00', NULL, '2021-05-09 15:31:55', '2021-05-09 15:32:51', 7099.2, 100.8, NULL, 0),
(120, 1, 3, 30, 'monthly', 'NGN', 'paystack', 'failed', 'subscription_renewal', 3, 'SS271664', '15000.00', NULL, '2021-05-09 17:58:36', '2021-05-09 17:58:37', 0, 0, NULL, 0),
(121, 133, 2, 40, 'monthly', 'NGN', 'paystack', 'paid', 'subscription_renewal', 6, 'SS255S79', '8000.00', NULL, '2021-05-09 17:59:52', '2021-05-09 17:59:53', 7888, 112, NULL, 0),
(122, 133, 2, 40, 'monthly', 'NGN', 'paystack', 'paid', 'subscription_renewal', 6, 'SS13I761', '8000.00', NULL, '2021-05-09 18:00:35', '2021-05-09 18:00:36', 7888, 112, NULL, 0),
(123, 133, 2, 40, 'monthly', 'NGN', 'paystack', 'paid', 'subscription_renewal', 6, 'SS257064', '8000.00', NULL, '2021-05-09 18:01:17', '2021-05-09 18:01:18', 7888, 112, NULL, 0),
(124, 135, 3, 41, 'monthly', 'NGN', 'paystack', 'paid', 'new_subscription', 6, 'SSP035X8', '13500.00', NULL, '2021-05-09 18:03:41', '2022-05-01 13:12:54', 13311, 189, NULL, 1),
(125, 135, 3, 41, 'monthly', 'NGN', 'paystack', 'paid', 'subscription_renewal', 6, 'SS067Y21', '15000.00', NULL, '2021-05-09 18:04:42', '2021-05-09 18:04:44', 14790, 210, NULL, 0),
(126, 136, 3, 42, 'yearly', 'USD', 'stripe', 'paid', 'new_subscription', 0, 'SS255V75', '270.00', NULL, '2021-05-09 18:05:58', '2022-05-01 13:12:53', 261.87, 8.13, 'ch_1IpHxJHiqbH5jHWZDhB9Uytj', 1),
(127, 136, 2, NULL, 'monthly', 'NGN', 'paystack', 'pending', 'new_subscription', 0, 'SS155251', '8000.00', NULL, '2021-05-09 18:08:39', '2021-05-09 18:08:39', 0, 0, NULL, 0),
(128, 136, 3, 43, 'yearly', 'USD', 'stripe', 'paid', 'new_subscription', 0, 'SS627U51', '300.00', NULL, '2021-05-09 18:08:55', '2021-05-09 18:09:15', 291, 9, 'ch_1IpI06HiqbH5jHWZUGZ6iK5M', 0),
(129, 136, 3, 44, 'yearly', 'USD', 'stripe', 'paid', 'new_subscription', 6, 'SS660BI6', '270.00', NULL, '2021-05-09 18:11:04', '2021-05-09 18:11:22', 261.87, 8.13, 'ch_1IpI29HiqbH5jHWZJ9fFWErw', 0),
(130, 136, 3, 44, 'yearly', 'USD', 'stripe', 'paid', 'subscription_renewal', 6, 'SS552AW4', '300.00', NULL, '2021-05-09 18:12:47', '2021-05-09 18:12:48', 291, 9, 'ch_1IpI3YHiqbH5jHWZawDYNYh0', 0),
(131, 136, 3, 44, 'yearly', 'USD', 'stripe', 'paid', 'subscription_renewal', 6, 'SS5D0296', '300.00', NULL, '2021-05-09 18:17:17', '2021-05-09 18:17:20', 291, 9, 'ch_1IpI7vHiqbH5jHWZhcd5Hjsp', 0),
(132, 136, 3, 44, 'yearly', 'USD', 'stripe', 'paid', 'subscription_renewal', 6, 'SS515246', '300.00', NULL, '2021-05-09 18:19:03', '2021-05-09 18:19:05', 291, 9, 'ch_1IpI9cHiqbH5jHWZNm9fpRYr', 0),
(133, 1, 2, NULL, 'monthly', 'NGN', 'paystack', 'pending', 'new_subscription', 0, 'SS234334', '8000.00', NULL, '2021-07-03 13:43:57', '2021-07-03 13:43:57', 0, 0, NULL, 0),
(134, 1, 2, NULL, 'monthly', 'NGN', 'paystack', 'pending', 'new_subscription', 0, 'SS75HY43', '8000.00', NULL, '2021-07-03 13:44:25', '2021-07-03 13:44:25', 0, 0, NULL, 0),
(135, 1, 2, NULL, 'monthly', 'NGN', 'paystack', 'pending', 'new_subscription', 0, 'SS2H3V23', '8000.00', NULL, '2021-07-03 13:45:13', '2021-07-03 13:45:13', 0, 0, NULL, 0),
(136, 1, 2, NULL, 'monthly', 'NGN', 'paystack', 'pending', 'new_subscription', 0, 'SS424233', '8000.00', NULL, '2021-07-03 13:45:44', '2021-07-03 13:45:44', 0, 0, NULL, 0),
(137, 1, 2, NULL, 'monthly', 'NGN', 'flutterwave', 'pending', 'new_subscription', 0, 'SSG25D53', '8000.00', NULL, '2021-07-03 13:46:31', '2021-07-03 13:46:31', 0, 0, NULL, 0),
(138, 1, 2, NULL, 'monthly', 'NGN', 'flutterwave', 'pending', 'new_subscription', 0, 'SSK0FC88', '8000.00', NULL, '2021-07-03 13:46:45', '2021-07-03 13:46:45', 0, 0, NULL, 0),
(139, 1, 2, NULL, 'monthly', 'NGN', 'flutterwave', 'pending', 'new_subscription', 0, 'SS1LE726', '8000.00', NULL, '2021-07-03 13:46:57', '2021-07-03 13:46:57', 0, 0, NULL, 0),
(140, 1, 2, NULL, 'monthly', 'NGN', 'flutterwave', 'pending', 'new_subscription', 0, 'SS5L4R36', '8000.00', NULL, '2021-07-03 13:50:13', '2021-07-03 13:50:13', 0, 0, NULL, 0),
(141, 1, 2, NULL, 'monthly', 'NGN', 'flutterwave', 'pending', 'new_subscription', 0, 'SSK2903J', '8000.00', NULL, '2021-07-03 13:52:19', '2021-07-03 13:52:19', 0, 0, NULL, 0),
(142, 1, 2, NULL, 'monthly', 'NGN', 'flutterwave', 'pending', 'new_subscription', 0, 'SS213421', '8000.00', NULL, '2021-07-03 13:53:32', '2021-07-03 13:53:32', 0, 0, NULL, 0),
(143, 1, 2, NULL, 'monthly', 'NGN', 'flutterwave', 'pending', 'new_subscription', 0, 'SSS5364Q', '8000.00', NULL, '2021-07-03 13:54:04', '2021-07-03 13:54:04', 0, 0, NULL, 0),
(144, 1, 2, NULL, 'monthly', 'NGN', 'flutterwave', 'pending', 'new_subscription', 0, 'SS4DX0S2', '8000.00', NULL, '2021-07-03 13:54:48', '2021-07-03 13:54:48', 0, 0, NULL, 0),
(145, 1, 2, NULL, 'monthly', 'NGN', 'flutterwave', 'pending', 'new_subscription', 0, 'SSI26P11', '8000.00', NULL, '2021-07-03 13:56:13', '2021-07-03 13:56:13', 0, 0, NULL, 0),
(146, 1, 2, NULL, 'monthly', 'NGN', 'flutterwave', 'pending', 'new_subscription', 0, 'SS135KO6', '8000.00', NULL, '2021-07-03 13:56:36', '2021-07-03 13:56:36', 0, 0, NULL, 0),
(147, 1, 2, NULL, 'monthly', 'NGN', 'flutterwave', 'pending', 'new_subscription', 0, 'SS4946P6', '8000.00', NULL, '2021-07-03 14:00:55', '2021-07-03 14:00:55', 0, 0, NULL, 0),
(148, 1, 2, NULL, 'monthly', 'NGN', 'flutterwave', 'pending', 'new_subscription', 0, 'SS2PI159', '8000.00', NULL, '2021-07-03 14:01:59', '2021-07-03 14:01:59', 0, 0, NULL, 0),
(149, 1, 2, NULL, 'monthly', 'NGN', 'flutterwave', 'pending', 'new_subscription', 0, 'SS63W223', '8000.00', NULL, '2021-07-03 14:04:43', '2021-07-03 14:04:43', 0, 0, NULL, 0),
(150, 1, 2, 45, 'monthly', 'NGN', 'flutterwave', 'paid', 'new_subscription', 0, 'SSB2S118', '8000.00', NULL, '2021-07-28 06:59:45', '2021-07-28 07:30:52', 7696, 304, NULL, 0),
(151, 1, 2, NULL, 'monthly', 'NGN', 'flutterwave', 'pending', 'new_subscription', 0, 'SS796E66', '8000.00', NULL, '2021-07-28 07:01:01', '2021-07-28 07:01:01', 0, 0, NULL, 0),
(152, 1, 2, 46, 'monthly', 'NGN', 'flutterwave', 'paid', 'new_subscription', 0, 'SS32DJ36', '8000.00', NULL, '2021-07-29 15:38:58', '2021-07-29 15:39:28', 7696, 304, NULL, 0),
(153, 1, 2, 46, 'monthly', 'NGN', 'flutterwave', 'paid', 'subscription_renewal', 0, 'SSE67D7U', '8000.00', NULL, '2021-07-29 15:40:52', '2021-07-29 15:40:59', 7696, 304, NULL, 0),
(154, 1, 2, 46, 'monthly', 'NGN', 'flutterwave', 'failed', 'subscription_renewal', 0, 'SSY7F67W', '8000.00', NULL, '2021-07-29 15:41:35', '2021-07-29 15:41:44', 0, 0, NULL, 0),
(155, 1, 2, 46, 'monthly', 'NGN', 'flutterwave', 'failed', 'subscription_renewal', 0, 'SS1675E7', '8000.00', NULL, '2021-07-29 15:54:23', '2021-07-29 15:54:28', 0, 0, NULL, 0),
(156, 1, 2, 46, 'monthly', 'NGN', 'flutterwave', 'failed', 'subscription_renewal', 0, 'SS5992I5', '8000.00', NULL, '2021-07-29 15:54:59', '2021-07-29 15:55:06', 0, 0, NULL, 0),
(157, 1, 2, 47, 'monthly', 'NGN', 'flutterwave', 'paid', 'new_subscription', 0, 'SSC5756Z', '8000.00', NULL, '2021-07-29 16:27:05', '2021-07-29 16:27:48', 7696, 304, NULL, 0),
(158, 1, 2, 47, 'monthly', 'NGN', 'flutterwave', 'paid', 'subscription_renewal', 0, 'SST768K7', '8000.00', NULL, '2021-07-29 16:28:28', '2021-07-29 16:28:37', 7696, 304, NULL, 0),
(159, 1, 2, 47, 'monthly', 'NGN', 'flutterwave', 'failed', 'subscription_renewal', 0, 'SS824187', '8000.00', NULL, '2021-07-29 16:34:38', '2021-07-29 16:34:44', 0, 0, NULL, 0),
(160, 1, 2, NULL, 'monthly', 'USD', 'stripe', 'pending', 'new_subscription', 0, 'SS6514T5', '15.00', NULL, '2021-07-29 16:37:50', '2021-07-29 16:37:50', 0, 0, NULL, 0),
(161, 1, 3, 48, 'monthly', 'USD', 'stripe', 'paid', 'new_subscription', 0, 'SST2J289', '30.00', NULL, '2021-08-08 21:14:58', '2021-08-08 21:15:36', 28.83, 1.17, 'ch_3JMKHLHiqbH5jHWZ1EHmyC47', 0),
(162, 1, 2, NULL, 'monthly', 'USD', 'stripe', 'pending', 'new_subscription', 0, 'SSP24906', '15.00', NULL, '2021-08-08 21:16:36', '2021-08-08 21:16:36', 0, 0, NULL, 0),
(163, 1, 3, 48, 'monthly', 'USD', 'stripe', 'paid', 'subscription_renewal', 0, 'SS66068Y', '30.00', NULL, '2021-08-08 21:27:10', '2021-08-08 21:27:14', 28.83, 1.17, 'ch_3JMKSaHiqbH5jHWZ0eaxFw4Z', 0),
(164, 1, 3, 48, 'monthly', 'USD', 'stripe', 'failed', 'subscription_renewal', 0, 'SS01Z393', '30.00', NULL, '2021-08-08 21:27:39', '2021-08-08 21:27:41', 0, 0, NULL, 0),
(165, 1, 2, 49, 'monthly', 'USD', 'stripe', 'paid', 'new_subscription', 0, 'SS882411', '15.00', NULL, '2021-08-08 21:31:37', '2021-08-08 21:32:14', 14.26, 0.74, 'ch_3JMKXQHiqbH5jHWZ1U4TsQNU', 0),
(166, 1, 3, 48, 'monthly', 'USD', 'stripe', 'pending', 'subscription_renewal', 0, 'SS666D48', '30.00', NULL, '2021-08-08 21:35:26', '2021-08-08 21:35:26', 0, 0, NULL, 0),
(167, 1, 3, 48, 'monthly', 'USD', 'stripe', 'failed', 'subscription_renewal', 0, 'SS625422', '30.00', NULL, '2021-08-08 21:44:16', '2021-08-08 21:44:19', 0, 0, NULL, 0),
(168, 1, 3, 48, 'monthly', 'USD', 'stripe', 'paid', 'subscription_renewal', 0, 'SS4Q6465', '30.00', NULL, '2021-08-08 21:44:45', '2021-08-08 21:44:49', 28.83, 1.17, 'ch_3JMKjcHiqbH5jHWZ1WYxIjEj', 0),
(169, 1, 3, NULL, 'monthly', 'NGN', 'flutterwave', 'pending', 'new_subscription', 0, 'SSM73642', '15000.00', NULL, '2021-08-08 21:45:31', '2021-08-08 21:45:31', 0, 0, NULL, 0),
(170, 1, 3, NULL, 'monthly', 'NGN', 'flutterwave', 'pending', 'new_subscription', 0, 'SS4TR222', '15000.00', NULL, '2021-08-08 21:47:09', '2021-08-08 21:47:09', 0, 0, NULL, 0),
(171, 1, 2, 50, 'monthly', 'NGN', 'flutterwave', 'paid', 'new_subscription', 0, 'SSL6466Z', '2000.00', NULL, '2021-08-08 22:00:18', '2021-08-08 22:00:49', 1924, 76, NULL, 0),
(172, 1, 2, 50, 'monthly', 'NGN', 'flutterwave', 'paid', 'subscription_renewal', 0, 'SSO44B56', '2000.00', NULL, '2021-08-08 22:01:46', '2021-08-08 22:01:52', 1924, 76, NULL, 0),
(173, 1, 2, 50, 'monthly', 'NGN', 'flutterwave', 'failed', 'subscription_renewal', 0, 'SSM44714', '2000.00', NULL, '2021-08-08 22:02:21', '2021-08-08 22:02:26', 0, 0, NULL, 0),
(174, 1, 3, 51, 'monthly', 'NGN', 'paystack', 'paid', 'new_subscription', 0, 'SS368361', '15000.00', NULL, '2021-08-08 22:03:33', '2021-08-08 22:03:51', 14790, 210, NULL, 0),
(175, 1, 3, 51, 'monthly', 'NGN', 'paystack', 'pending', 'subscription_renewal', 0, 'SS86827W', '15000.00', NULL, '2021-08-08 22:04:37', '2021-08-08 22:04:37', 0, 0, NULL, 0),
(176, 1, 3, 51, 'monthly', 'NGN', 'paystack', 'failed', 'subscription_renewal', 0, 'SS73587M', '15000.00', NULL, '2021-08-08 22:06:17', '2021-08-08 22:06:25', 0, 0, NULL, 0),
(177, 1, 3, 51, 'monthly', 'NGN', 'paystack', 'paid', 'subscription_renewal', 0, 'SS43E300', '15000.00', NULL, '2021-08-08 22:07:18', '2021-08-08 22:07:22', 14790, 210, NULL, 0),
(178, 1, 3, 51, 'monthly', 'NGN', 'paystack', 'failed', 'subscription_renewal', 0, 'SSQS5881', '15000.00', NULL, '2021-08-08 22:07:33', '2021-08-08 22:07:36', 0, 0, NULL, 0),
(179, 1, 3, 52, 'monthly', 'NGN', 'paystack', 'paid', 'new_subscription', 0, 'SSY0NQ53', '15000.00', NULL, '2021-08-31 01:03:45', '2021-08-31 01:03:53', 14790, 210, NULL, 0),
(180, 1, 3, 53, 'monthly', 'USD', 'stripe', 'paid', 'new_subscription', 0, 'SS5R55E6', '30.00', NULL, '2021-08-31 01:06:30', '2021-08-31 01:06:47', 28.83, 1.17, 'ch_3JUMN8HiqbH5jHWZ07rSQaPE', 0),
(181, 1, 2, 54, 'monthly', 'NGN', 'paystack', 'paid', 'new_subscription', 0, 'SS2A0M83', '2000.00', NULL, '2021-08-31 01:07:50', '2021-08-31 01:08:02', 1972, 28, NULL, 0),
(182, 231, 3, 55, 'monthly', 'NGN', 'paystack', 'paid', 'new_subscription', 0, 'SS4M6T18', '15000.00', NULL, '2021-08-31 01:11:22', '2022-05-01 13:12:53', 14790, 210, NULL, 1),
(183, 1, 2, 56, 'monthly', 'USD', 'stripe', 'pending', 'new_subscription', 0, 'SS6316XO', '15.00', NULL, '2021-09-26 13:39:01', '2021-09-26 13:39:34', 14.26, 0.74, 'ch_3JdyVtHiqbH5jHWZ0ZoIphpu', 0),
(184, 1, 2, NULL, 'monthly', 'USD', 'stripe', 'pending', 'new_subscription', 0, 'SSW8Z1Q3', '15.00', NULL, '2021-09-26 11:39:53', '2021-09-26 15:18:37', 0, 0, NULL, 0),
(185, 2, 2, NULL, 'monthly', 'USD', 'stripe', 'pending', 'new_subscription', 0, 'SS63HQ33', '15.00', NULL, '2021-09-26 11:12:16', '2021-09-26 15:09:29', 0, 0, NULL, 0),
(186, 1, 2, 57, 'monthly', 'USD', 'stripe', 'pending', 'new_subscription', 0, 'SS62F6FX', '15.00', NULL, '2021-09-26 13:42:35', '2021-09-26 13:42:54', 14.26, 0.74, 'ch_3JdyZ7HiqbH5jHWZ0KMwfzEq', 0),
(187, 1, 2, 58, 'monthly', 'USD', 'stripe', 'pending', 'new_subscription', 0, 'SS02027N', '15.00', NULL, '2021-09-26 14:39:24', '2021-09-26 14:39:45', 14.26, 0.74, 'ch_3JdzS9HiqbH5jHWZ1FLPWrjH', 0),
(188, 1, 3, NULL, 'monthly', 'NGN', 'paystack', 'pending', 'new_subscription', 0, 'SSHX563J', '15000.00', NULL, '2021-09-26 16:20:53', '2021-09-26 16:20:53', 0, 0, NULL, 0),
(189, 1, 3, NULL, 'monthly', 'USD', 'stripe', 'pending', 'new_subscription', 0, 'SSNQ7377', '30.00', NULL, '2021-09-27 00:12:53', '2021-09-27 00:12:53', 0, 0, NULL, 0),
(190, 1, 3, NULL, 'monthly', 'NGN', 'paystack', 'pending', 'new_subscription', 0, 'SS212A16', '15000.00', NULL, '2021-09-27 00:13:02', '2021-09-27 00:13:02', 0, 0, NULL, 0),
(191, 1, 3, NULL, 'monthly', 'NGN', 'paystack', 'pending', 'new_subscription', 0, 'SS7L725T', '15000.00', NULL, '2021-09-27 00:14:11', '2021-09-27 00:14:11', 0, 0, NULL, 0),
(192, 1, 3, NULL, 'monthly', 'NGN', 'paystack', 'pending', 'new_subscription', 0, 'SS012556', '15000.00', NULL, '2021-09-27 00:14:21', '2021-09-27 00:14:21', 0, 0, NULL, 0),
(193, 1, 3, NULL, 'monthly', 'NGN', 'paystack', 'pending', 'new_subscription', 0, 'SS62J535', '15000.00', NULL, '2021-09-27 00:16:11', '2021-09-27 00:16:11', 0, 0, NULL, 0),
(194, 1, 3, NULL, 'monthly', 'NGN', 'paystack', 'pending', 'new_subscription', 0, 'SS023S52', '15000.00', NULL, '2021-09-27 00:17:12', '2021-09-27 00:17:12', 0, 0, NULL, 0),
(195, 1, 3, NULL, 'monthly', 'NGN', 'paystack', 'pending', 'new_subscription', 0, 'SSR70272', '15000.00', NULL, '2021-09-27 00:18:27', '2021-09-27 00:18:27', 0, 0, NULL, 0),
(196, 1, 3, NULL, 'monthly', 'NGN', 'paystack', 'pending', 'new_subscription', 0, 'SS5T1PO3', '15000.00', NULL, '2021-09-27 00:18:58', '2021-09-27 00:18:58', 0, 0, NULL, 0),
(197, 1, 3, NULL, 'monthly', 'NGN', 'paystack', 'pending', 'new_subscription', 0, 'SS477562', '15000.00', NULL, '2021-09-27 00:20:44', '2021-09-27 00:20:44', 0, 0, NULL, 0),
(198, 1, 2, NULL, 'monthly', 'NGN', 'flutterwave', 'pending', 'new_subscription', 0, 'SS103732', '2000.00', NULL, '2021-10-05 15:45:09', '2021-10-05 15:45:09', 0, 0, NULL, 0),
(199, 1, 2, NULL, 'monthly', 'NGN', 'flutterwave', 'pending', 'new_subscription', 0, 'SS686463', '2000.00', NULL, '2021-10-05 15:45:28', '2021-10-05 15:45:28', 0, 0, NULL, 0),
(200, 1, 3, NULL, 'yearly', 'NGN', 'flutterwave', 'pending', 'new_subscription', 0, 'SS323H6D', '150000.00', NULL, '2021-10-29 11:23:07', '2021-10-29 11:23:07', 0, 0, NULL, 0),
(201, 1, 3, 59, 'yearly', 'NGN', 'paystack', 'paid', 'new_subscription', 0, 'SS95G1Y1', '150000.00', NULL, '2021-10-29 11:31:34', '2021-10-29 11:31:43', 148000, 2000, NULL, 0),
(202, 1, 2, NULL, 'monthly', 'NGN', 'flutterwave', 'pending', 'new_subscription', 0, 'SS618I63', '2000.00', NULL, '2021-10-29 11:36:50', '2021-10-29 11:36:50', 0, 0, NULL, 0),
(203, 1, 2, 60, 'monthly', 'USD', 'stripe', 'paid', 'new_subscription', 0, 'SSLC323H', '15.00', NULL, '2022-01-23 17:24:53', '2022-01-23 17:25:08', 14.26, 0.74, 'ch_3KLAkSHiqbH5jHWZ18ECL9T5', 0),
(204, 1, 4, 61, 'yearly', 'NGN', 'paystack', 'paid', 'new_subscription', 0, 'SST38U6Y', '1000.00', NULL, '2022-01-24 19:56:43', '2022-05-01 13:12:53', 986, 14, NULL, 1),
(205, 256, 2, 62, 'monthly', 'USD', 'stripe', 'paid', 'new_subscription', 0, 'SS0R422E', '15.00', NULL, '2022-01-27 22:09:32', '2022-05-01 13:12:53', 14.26, 0.74, 'ch_3KMh6THiqbH5jHWZ0VvQiUEI', 1),
(206, 256, 2, 63, 'monthly', 'NGN', 'paystack', 'paid', 'new_subscription', 0, 'SSP11I5C', '2000.00', NULL, '2022-01-27 22:11:59', '2022-01-27 22:12:09', 1972, 28, NULL, 0),
(207, 257, 2, 64, 'monthly', 'NGN', 'paystack', 'paid', 'new_subscription', 0, 'SS936182', '2000.00', NULL, '2022-02-03 11:53:36', '2022-05-01 13:12:53', 1972, 28, NULL, 1),
(208, 1, 4, 65, 'yearly', 'NGN', 'paystack', 'paid', 'new_subscription', 0, 'SSJ63F44', '1000.00', NULL, '2022-03-03 20:51:16', '2022-05-01 13:12:53', 986, 14, NULL, 1),
(209, 1, 4, 66, 'yearly', 'NGN', 'paystack', 'paid', 'new_subscription', 0, 'SS336086', '1000.00', NULL, '2022-03-03 21:25:20', '2022-03-03 21:25:31', 986, 14, NULL, 0),
(210, 258, 4, 67, 'yearly', 'NGN', 'paystack', 'paid', 'new_subscription', 0, 'SS13G656', '1000.00', NULL, '2022-03-03 21:35:14', '2022-05-01 13:12:53', 986, 14, NULL, 1),
(211, 1, 3, 68, 'monthly', 'USD', 'stripe', 'paid', 'new_subscription', 0, 'SS1687P7', '30.00', NULL, '2022-03-08 01:18:06', '2022-03-08 01:18:26', 28.83, 1.17, 'ch_3Kasd3HiqbH5jHWZ0ZWJdd67', 0),
(212, 264, 4, 69, 'yearly', 'NGN', 'paystack', 'paid', 'new_subscription', 0, 'SS086837', '1000.00', NULL, '2022-03-10 12:26:23', '2022-05-01 13:12:53', 986, 14, NULL, 1),
(213, 1, 2, NULL, 'monthly', 'USD', 'stripe', 'pending', 'new_subscription', 0, 'SS55D81F', '15.00', NULL, '2022-03-17 00:41:15', '2022-03-17 00:41:15', 0, 0, NULL, 0),
(214, 1, 4, 70, 'yearly', 'NGN', 'paystack', 'paid', 'new_subscription', 12, 'SS657C46', '900.00', NULL, '2022-03-17 00:45:37', '2022-03-17 00:45:47', 887.4, 12.6, NULL, 0),
(215, 1, 2, 71, 'monthly', 'NGN', 'paystack', 'paid', 'new_subscription', 0, 'SSC5R488', '2000.00', NULL, '2022-03-28 06:54:45', '2022-03-28 06:55:04', 1972, 28, NULL, 0),
(216, 1, 2, 72, 'monthly', 'NGN', 'paystack', 'paid', 'new_subscription', 0, 'SS142114', '2000.00', NULL, '2022-03-28 06:55:51', '2022-03-28 06:55:59', 1972, 28, NULL, 0),
(217, 1, 2, 73, 'monthly', 'NGN', 'paystack', 'paid', 'new_subscription', 0, 'SS1484F1', '2000.00', NULL, '2022-03-28 06:56:28', '2022-03-28 06:56:40', 1972, 28, NULL, 0),
(218, 266, 2, 74, 'monthly', 'NGN', 'paystack', 'paid', 'new_subscription', 0, 'SSBH1W65', '2000.00', NULL, '2022-03-28 06:57:48', '2022-05-01 13:12:53', 1972, 28, NULL, 1),
(219, 269, 2, 75, 'monthly', 'NGN', 'paystack', 'paid', 'new_subscription', 0, 'SS564E5F', '2000.00', NULL, '2022-03-29 10:29:26', '2022-05-01 13:12:53', 1972, 28, NULL, 1),
(220, 1, 2, 76, 'monthly', 'NGN', 'paystack', 'paid', 'new_subscription', 0, 'SS71641K', '2000.00', NULL, '2022-05-01 14:02:21', '2022-05-01 14:02:37', 1972, 28, NULL, 0),
(221, 271, 3, 77, 'monthly', 'NGN', 'paystack', 'paid', 'new_subscription', 0, 'SS118L1B', '15000.00', NULL, '2022-05-01 14:15:21', '2022-05-01 14:15:32', 14790, 210, NULL, 1),
(222, 1, 3, NULL, 'monthly', 'NGN', 'paystack', 'pending', 'new_subscription', 0, 'SSID11M4', '15000.00', NULL, '2022-05-09 15:40:55', '2022-05-09 15:40:55', 0, 0, NULL, 0),
(223, 1, 3, 78, 'monthly', 'USD', 'stripe', 'paid', 'new_subscription', 0, 'SSCE421L', '30.00', NULL, '2022-05-09 15:41:39', '2022-05-09 15:41:59', 28.83, 1.17, 'ch_3KxZekHiqbH5jHWZ1ZXAuCTf', 0),
(224, 286, 5, NULL, 'yearly', 'NGN', 'paystack', 'pending', 'new_subscription', 0, 'SS891152', '1000.00', NULL, '2022-05-19 07:15:23', '2022-05-19 07:15:23', 0, 0, NULL, 0),
(225, 286, 5, 79, 'yearly', 'NGN', 'paystack', 'paid', 'new_subscription', 0, 'SSQQS81X', '1000.00', NULL, '2022-05-19 07:17:06', '2022-05-19 07:18:27', 986, 14, NULL, 1),
(226, 286, 3, NULL, 'monthly', 'USD', 'stripe', 'pending', 'new_subscription', 0, 'SS511W82', '30.00', NULL, '2022-05-19 07:17:16', '2022-05-19 07:17:16', 0, 0, NULL, 0),
(227, 286, 3, NULL, 'monthly', 'NGN', 'paystack', 'pending', 'new_subscription', 0, 'SS245344', '15000.00', NULL, '2022-05-19 07:17:28', '2022-05-19 07:17:28', 0, 0, NULL, 0),
(228, 286, 3, NULL, 'monthly', 'NGN', 'paystack', 'pending', 'new_subscription', 0, 'SS74B826', '15000.00', NULL, '2022-05-19 07:17:44', '2022-05-19 07:17:44', 0, 0, NULL, 0),
(229, 286, 4, 80, 'yearly', 'NGN', 'paystack', 'paid', 'new_subscription', 0, 'SS6292G4', '1000.00', NULL, '2022-05-19 07:40:29', '2022-05-19 07:40:45', 986, 14, NULL, 0),
(230, 286, 4, 81, 'yearly', 'NGN', 'paystack', 'paid', 'new_subscription', 0, 'SS0671XZ', '1000.00', NULL, '2022-05-19 07:42:34', '2022-05-19 07:42:55', 986, 14, NULL, 0),
(231, 286, 3, 82, 'monthly', 'NGN', 'paystack', 'paid', 'new_subscription', 0, 'SS9M8W62', '15000.00', NULL, '2022-05-19 07:43:41', '2022-05-19 07:43:50', 14790, 210, NULL, 0),
(232, 1, 2, NULL, 'quarterly', 'NGN', 'paystack', 'pending', 'new_subscription', 0, 'SS4Y15Z6', '22000.00', NULL, '2022-05-23 14:56:45', '2022-05-23 14:56:45', 0, 0, NULL, 0),
(233, 1, 2, NULL, 'monthly', 'NGN', 'paystack', 'pending', 'new_subscription', 0, 'SS425313', '2000.00', NULL, '2022-05-23 14:57:06', '2022-05-23 14:57:06', 0, 0, NULL, 0),
(234, 1, 2, NULL, 'yearly', 'NGN', 'paystack', 'pending', 'new_subscription', 0, 'SS5F55F4', '80000.00', NULL, '2022-05-23 14:57:25', '2022-05-23 14:57:25', 0, 0, NULL, 0),
(235, 1, 4, NULL, 'yearly', 'GHS', 'stripe', 'pending', 'new_subscription', 0, 'SS3332Q6', '200.00', NULL, '2022-05-23 15:12:53', '2022-05-23 15:12:53', 0, 0, NULL, 0),
(236, 1, 4, NULL, 'yearly', 'GHS', 'flutterwave', 'pending', 'new_subscription', 0, 'SSXF5C38', '200.00', NULL, '2022-05-23 15:16:35', '2022-05-23 15:16:35', 0, 0, NULL, 0),
(237, 1, 4, NULL, 'yearly', 'GHS', 'flutterwave', 'pending', 'new_subscription', 0, 'SSK50165', '200.00', NULL, '2022-05-23 15:16:41', '2022-05-23 15:16:41', 0, 0, NULL, 0),
(238, 1, 4, NULL, 'yearly', 'XOF', 'flutterwave', 'pending', 'new_subscription', 0, 'SS4LV1SU', '3500.00', NULL, '2022-05-30 03:25:13', '2022-05-30 03:25:13', 0, 0, NULL, 0),
(239, 1, 4, NULL, 'yearly', 'ZAR', 'flutterwave', 'pending', 'new_subscription', 0, 'SS8U8386', '100.00', NULL, '2022-05-30 03:25:35', '2022-05-30 03:25:35', 0, 0, NULL, 0),
(240, 1, 3, NULL, 'monthly', 'USD', 'stripe', 'pending', 'new_subscription', 0, 'SS6H4PB6', '30.00', NULL, '2022-05-30 03:25:51', '2022-05-30 03:25:51', 0, 0, NULL, 0),
(241, 1, 4, NULL, 'yearly', 'USD', 'stripe', 'pending', 'new_subscription', 0, 'SST358Q8', '6.00', NULL, '2022-05-30 03:26:08', '2022-05-30 03:26:08', 0, 0, NULL, 0),
(242, 1, 4, NULL, 'yearly', 'USD', 'stripe', 'pending', 'new_subscription', 0, 'SS4P8V48', '6.00', NULL, '2022-05-30 03:26:16', '2022-05-30 03:26:16', 0, 0, NULL, 0),
(243, 1, 2, NULL, 'monthly', 'USD', 'stripe', 'pending', 'new_subscription', 0, 'SSTI5Y9B', '15.00', NULL, '2022-05-30 03:26:35', '2022-05-30 03:26:35', 0, 0, NULL, 0),
(244, 1, 4, NULL, 'yearly', 'ZAR', 'flutterwave', 'pending', 'new_subscription', 0, 'SSGH3TV1', '100.00', NULL, '2022-05-30 03:30:42', '2022-05-30 03:30:42', 0, 0, NULL, 0),
(245, 1, 2, 83, 'biannual', 'USD', 'stripe', 'paid', 'new_subscription', 0, 'SS6388O1', '110.00', NULL, '2022-05-30 03:34:19', '2022-05-30 03:34:37', 106.51, 3.49, 'ch_3L50JMHiqbH5jHWZ0qgdTVDY', 0),
(246, 1, 2, 83, 'biannual', 'USD', 'stripe', 'paid', 'subscription_renewal', 0, 'SSH85868', '110.00', NULL, '2022-05-30 03:36:22', '2022-05-30 03:36:24', 106.51, 3.49, 'ch_3L50L5HiqbH5jHWZ0GaM2kPR', 0),
(247, 1, 2, 83, 'biannual', 'USD', 'stripe', 'paid', 'subscription_renewal', 0, 'SS84388M', '110.00', NULL, '2022-05-30 03:36:25', '2022-05-30 03:36:27', 106.51, 3.49, 'ch_3L50L8HiqbH5jHWZ0KnTbZYM', 0),
(248, 1, 2, 83, 'biannual', 'USD', 'stripe', 'paid', 'subscription_renewal', 0, 'SSR60RZ6', '110.00', NULL, '2022-05-30 03:38:43', '2022-05-30 03:38:49', 106.51, 3.49, 'ch_3L50NQHiqbH5jHWZ1PzNhEaD', 0),
(249, 1, 2, 83, 'biannual', 'USD', 'stripe', 'paid', 'subscription_renewal', 0, 'SS956836', '110.00', NULL, '2022-05-30 03:39:11', '2022-05-30 03:39:19', 106.51, 3.49, 'ch_3L50NqHiqbH5jHWZ0zo4I8Zd', 0),
(250, 1, 2, 83, 'biannual', 'USD', 'stripe', 'paid', 'subscription_renewal', 0, 'SST83381', '110.00', NULL, '2022-05-30 03:40:02', '2022-05-30 03:40:07', 106.51, 3.49, 'ch_3L50OdHiqbH5jHWZ1vOJYwK3', 0),
(251, 1, 2, 83, 'biannual', 'USD', 'stripe', 'pending', 'subscription_renewal', 0, 'SS6MW1QU', '110.00', NULL, '2022-05-30 03:41:21', '2022-05-30 03:41:21', 0, 0, NULL, 0),
(252, 1, 2, 83, 'biannual', 'USD', 'stripe', 'pending', 'subscription_renewal', 0, 'SS118174', '110.00', NULL, '2022-05-30 03:41:54', '2022-05-30 03:41:54', 0, 0, NULL, 0),
(253, 1, 2, 83, 'biannual', 'USD', 'stripe', 'paid', 'subscription_renewal', 0, 'SSQ13575', '110.00', NULL, '2022-05-30 03:42:05', '2022-05-30 03:42:07', 106.51, 3.49, 'ch_3L50QcHiqbH5jHWZ1TzoD0Ms', 0),
(254, 1, 2, 83, 'biannual', 'USD', 'stripe', 'paid', 'subscription_renewal', 0, 'SS585P05', '110.00', NULL, '2022-05-30 03:42:36', '2022-05-30 03:42:38', 106.51, 3.49, 'ch_3L50R7HiqbH5jHWZ0yr6Qhzk', 0),
(255, 1, 2, 83, 'biannual', 'USD', 'stripe', 'paid', 'subscription_renewal', 0, 'SS5H18I6', '110.00', NULL, '2022-05-30 03:42:49', '2022-05-30 03:42:51', 106.51, 3.49, 'ch_3L50RKHiqbH5jHWZ0GpbTtMa', 0),
(256, 1, 2, 83, 'biannual', 'USD', 'stripe', 'paid', 'subscription_renewal', 0, 'SS8F3O67', '110.00', NULL, '2022-05-30 03:43:07', '2022-05-30 03:43:09', 106.51, 3.49, 'ch_3L50RcHiqbH5jHWZ0QH5Pblk', 0),
(257, 1, 2, 83, 'biannual', 'USD', 'stripe', 'pending', 'subscription_renewal', 0, 'SSR28464', '110.00', NULL, '2022-05-30 03:50:44', '2022-05-30 03:50:44', 0, 0, NULL, 0),
(258, 1, 2, 83, 'biannual', 'USD', 'stripe', 'paid', 'subscription_renewal', 0, 'SS68J10M', '110.00', NULL, '2022-05-30 03:51:50', '2022-05-30 03:51:52', 106.51, 3.49, 'ch_3L50a3HiqbH5jHWZ12whNuUl', 0),
(259, 1, 2, 84, 'monthly', 'USD', 'stripe', 'paid', 'new_subscription', 15, 'SS5066UR', '0.00', NULL, '2022-06-12 23:00:26', '2022-06-12 23:00:27', 0, 0, NULL, 0),
(260, 1, 3, 85, 'yearly', 'USD', 'stripe', 'paid', 'new_subscription', 15, 'SS48157K', '0.00', NULL, '2022-06-12 23:01:14', '2022-06-12 23:01:15', 0, 0, NULL, 0),
(261, 1, 2, NULL, 'quarterly', 'NGN', 'paystack', 'pending', 'new_subscription', 0, 'SS51PV0H', '22000.00', NULL, '2022-06-12 23:33:32', '2022-06-12 23:33:32', 0, 0, NULL, 0);

-- --------------------------------------------------------

--
-- Table structure for table `users`
--

CREATE TABLE `users` (
  `id` int(10) UNSIGNED NOT NULL,
  `username` varchar(255) COLLATE utf8mb4_unicode_ci DEFAULT NULL,
  `fullname` varchar(255) COLLATE utf8mb4_unicode_ci DEFAULT NULL,
  `email` varchar(255) COLLATE utf8mb4_unicode_ci DEFAULT NULL,
  `created_at` timestamp NULL DEFAULT NULL,
  `updated_at` timestamp NULL DEFAULT NULL
) ENGINE=InnoDB DEFAULT CHARSET=utf8mb4 COLLATE=utf8mb4_unicode_ci;

--
-- Dumping data for table `users`
--

INSERT INTO `users` (`id`, `username`, `fullname`, `email`, `created_at`, `updated_at`) VALUES
(1, 'demo', 'Fola Nkiru', 'hello@Selar.com', '2020-03-17 10:46:54', '2021-08-30 09:08:42'),
(2, 'mountzion', 'Mount Zion', 'hello@mz.com', '2020-03-17 10:46:54', '2021-07-19 05:06:32'),
(3, 'jee', 'Selar 3', 'hell@sss.com', '2020-04-03 01:47:20', '2020-04-10 13:16:43'),
(4, 'jeer', 'Selar 3', 'helle@sss.com', '2020-04-03 02:02:27', '2020-04-10 13:16:43'),
(5, 'jeer23', 'Selar 3', 'helle23@sss.com', '2020-04-03 02:03:44', '2020-04-10 13:16:43'),
(6, 'jeer232', 'Selar 3', '23helle23@sss.com', '2020-04-03 02:04:40', '2020-04-10 13:16:43'),
(7, 'jeer232s', 'Selar 3', '23helle2323@sss.com', '2020-04-03 02:06:11', '2020-04-10 13:16:43'),
(8, 'jeer232s2', 'Selar 3', '23helle23223@sss.com', '2020-04-03 02:07:14', '2020-04-10 13:16:43'),
(9, 'douglas23', 'Douglas Ks', '2323@2we2332.com', '2020-04-03 02:08:40', '2020-04-10 13:16:43'),
(10, 'dou343glas', '3e23re 324', '3212@33.com', '2020-04-03 02:11:16', '2020-04-10 13:16:43'),
(11, 'dou343glasw', '3e23re 324', 'kesid@yahoo.com', '2020-04-03 02:13:44', '2020-04-10 13:16:43'),
(12, 'KendysonD', 'Douglas Kendyson', 'kendyson@kendyson.com', '2020-04-07 18:09:35', '2021-08-15 12:26:39'),
(13, 'douglas', 'Selar Douglas', 'douglas@Selar.co', '2020-04-08 22:10:28', '2021-08-15 12:22:53'),
(15, 'newguy', 'Selar F', 'newguyhello@Selar.co', '2020-04-11 02:33:40', '2020-04-11 02:33:40'),
(16, 'douglas132', 'DD @23', 'dmm@dd.com', '2020-04-11 03:08:12', '2020-04-11 03:08:12'),
(17, 'Jason', 'Jason Njoku', 'jason@Selar.co', '2020-04-11 03:17:01', '2020-04-11 03:17:01'),
(18, 'Justind', 'Jus Dd', 'jss@same.com', '2020-04-11 03:25:16', '2020-04-11 03:25:16'),
(19, 'ghdemo34', 'Selar 232', 'ghgh@Selar.co', '2020-04-11 03:26:55', '2020-04-11 03:26:55'),
(20, 'kenya', 'Douglas Kendyson', 'kenya@Selar.co', '2020-04-11 03:32:39', '2020-04-16 21:17:37'),
(21, 'newme', 'Selar Me', 'newme@Selar.co', '2020-04-26 11:16:28', '2020-04-26 11:16:28'),
(22, 'yinka', 'SE kdnej', 'helloyink@see.com', '2020-05-02 19:11:12', '2020-05-02 19:11:12'),
(23, 'douglasssss', 'Douglas Kendyson', 'kendyso212n@kendyson.com', '2020-05-05 13:54:38', '2020-05-05 13:54:38'),
(24, 'usdemo', 'Selar Demo USD', 'usd@Selar.co', '2020-05-19 21:19:05', '2020-05-19 21:19:05'),
(25, 'usstripe', 'Selar US', 'usstripe@Selar.co', '2020-05-22 12:31:12', '2020-05-22 12:31:12'),
(26, 'douglas232323endyson', 'Douglas Kendyson', 'kendyson@kendyson.com2323', '2020-06-09 02:37:53', '2020-06-09 02:37:53'),
(27, 'keddd', 'Sekf nf ejfn', 'kessd@dsela.com', '2020-06-11 07:31:03', '2020-06-11 07:31:03'),
(28, 'paypaldemo', 'Selar Paypal', 'paypal@Selar.co', '2020-06-14 05:26:08', '2020-06-14 06:32:26'),
(29, 'rakesh', 'Selar Rak', 'rak@yahoo.com', '2020-06-17 03:06:41', '2020-06-17 03:06:41'),
(30, 'rzmz6rvt8', NULL, 'aff@Selar.co', '2020-06-18 15:28:05', '2020-06-18 15:28:05'),
(31, 'affdemo2', 'Selar Aff', 'aff@Selar.com', '2020-06-18 15:33:42', '2020-06-25 11:42:28'),
(32, 'ghsdemo', 'GHS DEMO', 'ghsdemo@gmail.com', '2020-06-29 16:31:28', '2020-06-29 16:31:28'),
(33, 'justprince', 'Douglas Kendyson', 'justprice@gmail.com', '2020-07-11 19:51:31', '2020-07-11 19:51:31'),
(34, 'bisikulu', 'Bisi Kunle', 'jussttt@Selar.co', '2020-07-11 20:09:38', '2020-07-11 20:13:47'),
(35, '934z3o1x2', NULL, 'hello@tanaly.com', '2020-07-21 14:43:51', '2020-07-21 14:43:51'),
(36, 'lefcllb3n', NULL, 'kesiayebadouglas@gmail.com', '2020-07-21 14:45:12', '2020-07-21 14:45:12'),
(37, 'demo_111', 'Demo 112nn2jn', 'demo_111@kendyson.com', '2020-07-24 08:27:44', '2020-07-24 08:27:44'),
(38, 'douglas_kendyson12', 'Douglas Kendyson', 'kendyson+12132323@kendyson.com', '2020-07-28 05:31:32', '2020-07-28 05:31:32'),
(39, 'douglas90210', 'Douglas 900203', 'douglas90210@yahoo.com', '2020-07-28 05:43:13', '2020-07-28 05:43:13'),
(40, 'douglas12kendyson', 'Selar SDDD', 'douglas12kendyson@gmail.com', '2020-07-28 05:48:13', '2020-07-28 05:48:13'),
(41, 'mia2323', 'Maya Ang', 'mia2323@gmail.com', '2020-07-28 05:49:29', '2020-07-28 05:49:29'),
(42, 'dougla12s1', 'Sedkwen e2e23', 'dougla12s1@fgmal.com', '2020-07-28 05:52:57', '2020-07-28 05:52:57'),
(43, 'demogmail', 'demogmail F', 'demogmail@gmail.co', '2020-07-28 06:02:42', '2020-07-28 06:02:42'),
(44, 'howhy', 'Selar2 2323 23. 23', 'howhy@gamil.com', '2020-07-30 02:21:22', '2020-07-30 02:21:22'),
(45, 'douglas2121kendyson', 'douglas 12121kendyson', 'douglas.12121kendyson@sss.com', '2020-08-18 17:13:47', '2020-08-18 17:13:47'),
(46, 'tryselar', NULL, NULL, '2020-08-19 09:45:35', '2020-08-19 09:45:35'),
(47, 'douglas_kendyson2', 'Do Chike', 'douglas.kendyson2@gmail.com', '2020-08-22 19:01:28', '2020-08-22 19:01:28'),
(48, 'douglas111kendyson', 'Selar 209494', 'hello@selsss.com', '2020-08-30 17:33:53', '2020-08-30 17:33:53'),
(49, 'douglaskendyson1223', 'Douglas Kendyson', 'kendyson@kendyson2323.com', '2020-08-30 17:49:23', '2020-08-30 17:49:23'),
(50, 'demoolayinka', 'Douglas Kendyson', 'kendysoqw2323n@kendyson.com', '2020-08-30 17:54:54', '2020-08-30 17:54:54'),
(51, 'yinka123', 'Selar SDDD', 'yina@seeee.com', '2020-08-31 21:54:22', '2020-08-31 21:54:22'),
(52, 'demo2232324s323', 'Douglas Kesi-Ayeba', 'ssskesiayebadouglas@gmail.com', '2020-09-03 00:48:27', '2020-09-03 00:48:27'),
(53, 'dyinka', 'Dike Dl', 'dyinka@gmail.com', '2020-09-04 13:40:50', '2020-09-04 13:40:50'),
(54, 'demoyinka', 'D Yu', 'demoyinka@gmail.com', '2020-09-04 13:44:08', '2020-09-04 13:44:08'),
(55, 'demobolu', 'Douglas Kendyson', 'demobolu@kendyson.com', '2020-09-04 13:44:42', '2020-09-04 13:44:42'),
(56, 'AThomark', 'Thomark A', 'ablayeght@gmail.com', '2020-09-04 13:50:03', '2020-09-04 13:50:03'),
(57, 'holladay', 'Jeez Ch', 'holladay@gmail.com', '2020-09-08 06:44:07', '2020-09-08 06:49:46'),
(58, 'biobele', 'Biobele Douglas', 'biobele@gmail.com', '2020-09-17 19:40:05', '2020-09-17 21:11:10'),
(59, 'Kalhun', 'Kalhun Kyle', 'Kalhun@gmail.com', '2020-09-18 10:08:36', '2020-09-18 10:08:36'),
(60, '9rb84bije', NULL, 'ddd@ffg.com', '2020-09-22 09:41:01', '2020-09-22 09:41:01'),
(61, 'n1kqb4a8c', NULL, 'ddd@ffg2.com', '2020-09-22 09:41:13', '2020-09-22 09:41:13'),
(62, 'usddemo1', 'usddemo1 sss', 'usddemo1@gmail.co', '2020-09-30 17:35:03', '2020-09-30 17:35:03'),
(63, 'usddemogb', 'usddemogb ssss', 'usddemogb@gmail.com', '2020-09-30 17:42:50', '2020-09-30 17:42:50'),
(64, 'dotunjk', 'Dotun J', 'dotunjolaosho+12@gmail.com', '2020-10-08 03:27:40', '2020-10-08 03:27:40'),
(65, 'jordan', 'jordan M', 'jordan@gmail.com', '2020-10-08 04:14:40', '2020-10-08 04:14:40'),
(66, 'zwtz2e7w4', NULL, 'kkkk@ggggg.com', '2020-10-11 09:52:51', '2020-10-11 09:52:51'),
(67, 'ggggg', 'Coli ewe', 'kkkk1@ggggg.com', '2020-10-11 09:53:10', '2020-10-11 10:08:27'),
(68, 'douglaskendyson1111', '1212223 2323', 'douglas.kendyson1111@gmail.com', '2020-10-17 13:27:09', '2020-10-17 13:27:09'),
(69, 'demo2323232', 'Soiud dd', 'kendysond+12232@fmail.com', '2020-10-22 17:17:18', '2020-10-22 17:17:18'),
(70, 'usddemo121', 'usddemo121 2323', 'usddemo121@gmail.com', '2020-10-31 11:36:25', '2020-10-31 11:36:25'),
(71, 'demo23ded2323', 'Demo Cole', 'demo23ded2323@fgmail.com', '2020-11-08 18:33:56', '2020-11-08 18:33:56'),
(72, 'charis2', 'Charis D', 'charis2@gmail.com', '2020-11-08 18:43:44', '2020-11-08 18:43:44'),
(73, 'imagined', 'image G', 'image@gmail.com', '2020-11-14 08:50:33', '2020-11-14 08:50:33'),
(74, 'k3ct5wndt', NULL, 'dd3e34343434@fjfjfjf.com', '2020-11-14 11:01:14', '2020-11-14 11:01:14'),
(75, 'demonmmm', 'demon mmm', 'demonmmm@gmail.com', '2020-11-19 13:39:08', '2020-11-19 13:39:08'),
(76, 'demokendyson', 'Douglas Kendyson', 'kendysondemo@kendyson.com', '2020-11-22 17:51:23', '2020-11-22 17:51:23'),
(77, 'dbmzxmgy7', NULL, 'ssddddd@ddd.com', '2020-11-23 10:46:14', '2020-11-23 10:46:14'),
(78, 'kendysonCooll', 'Douglas Kendyson', 'kendysonCooll@kendyson.com', '2020-11-26 21:29:59', '2020-11-26 21:29:59'),
(79, 'l7dfpqnyv', NULL, 'kesid@yahoo233.com', '2020-11-27 18:28:10', '2020-11-27 18:28:10'),
(80, 'selar_subscriptions', 'Douglas Kesi-Ayeba', 'kesiayebadouglagmails@gmail.com', '2020-11-28 17:24:01', '2020-11-28 19:22:24'),
(81, 'douglas_kendyson', 'Douglas J', 'douglas_kendysonhello@tanaly.com', '2020-11-29 15:32:29', '2020-11-29 15:32:29'),
(82, 'gogoboy', '2323 2323we', 'gogoboy@gmail.cm', '2020-12-01 03:18:16', '2020-12-01 03:18:16'),
(83, '677yinka', 'Douglas Kesi-Ayeba', 'kesiayebadouglas+yinka1212@gmail.com', '2020-12-01 05:50:41', '2020-12-01 05:50:41'),
(84, '74rabtoqo', NULL, 'Kuliyafatyy@gmail.com', '2020-12-06 11:36:45', '2020-12-06 11:36:45'),
(85, 'rg6nefhmo', NULL, 'Maryam.hassanbaba@yahoo.com', '2020-12-06 11:38:03', '2020-12-06 11:38:03'),
(86, 'f9r66bh1h', NULL, 'Valuexponents@gmail.com', '2020-12-06 11:38:03', '2020-12-06 11:38:03'),
(87, 'iuzs8ngn7', NULL, 'goodnex201@gmail.com', '2020-12-06 11:38:03', '2020-12-06 11:38:03'),
(88, 'p3b4orv6x', NULL, '1Kuliyafatyy@gmail.com', '2020-12-06 11:39:56', '2020-12-06 11:39:56'),
(89, 'tef5f6mdj', NULL, '1123helle23@sss.com', '2020-12-06 11:39:56', '2020-12-06 11:39:56'),
(90, 'yfy29j1lo', NULL, '1Maryam.hassanbaba@yahoo.com', '2020-12-06 11:39:56', '2020-12-06 11:39:56'),
(91, 'e5lsu7sy3', NULL, '1Valuexponents@gmail.com', '2020-12-06 11:39:56', '2020-12-06 11:39:56'),
(92, 'a53w7vd4i', NULL, '1goodwnex201@gmail.com', '2020-12-06 11:39:56', '2020-12-06 11:39:56'),
(93, '3g2ns3a3q', NULL, '1helsddl@sss.com', '2020-12-06 11:39:56', '2020-12-06 11:39:56'),
(94, 'kh2s44d5r', NULL, '1helwwsddl@sss.com', '2020-12-06 11:43:06', '2020-12-06 11:43:06'),
(95, 'tvdelonifera', 'TV Delonifera', 'tvdelonifera12@gmail.com', '2020-12-07 16:40:55', '2020-12-07 16:40:55'),
(96, 'elohor', 'Elohor L', 'elohor@gmail.com', '2020-12-11 02:06:47', '2020-12-11 02:06:47'),
(97, 'demusdo', 'demusdo demusdo', 'demusdo@gmail.com', '2021-01-07 18:21:24', '2021-01-07 18:21:24'),
(98, 'testdouglas_kendyson1', 'testdouglas kendyson', 'testdouglas.kendyson@gmail.com', '2021-01-09 04:27:31', '2021-01-09 04:27:31'),
(99, 'holaaaaa', 'HDkdd jnwj', 'holaaaaa@gmail.com', '2021-01-09 14:32:34', '2021-01-09 14:32:34'),
(100, 'accdemo', 'accdemo ddd', 'accdemo@gmail.com', '2021-01-11 05:26:59', '2021-01-11 05:26:59'),
(101, 'Bisola', 'B B', 'bisola@gmai.com', '2021-01-13 07:43:41', '2021-01-13 07:43:41'),
(102, 'demokiok', 'Douglas Kesi-Ayeba', 'demokiok@gmail.com', '2021-01-15 21:33:58', '2021-01-15 21:33:58'),
(103, 'conv', 'conv gmail.com', 'conv@gmail.com', '2021-01-17 20:03:49', '2021-01-17 20:03:49'),
(104, 'cringdemo', 'cringdemo s', 'cringdemo@gmail.com', '2021-01-20 04:57:34', '2021-01-20 04:57:34'),
(105, 'usdgbpdemo', 'usdgb pdemo', 'usdgbpdemo@gmail.com', '2021-01-26 17:10:43', '2021-01-26 17:10:43'),
(106, 'usssddemo', 'usssddemo sss', 'usssddemo@gmail.com', '2021-02-02 08:05:14', '2021-02-02 08:05:14'),
(107, 'hx9c6b1dk', NULL, 'kendyson1@kendyson.com', '2021-02-11 13:41:58', '2021-02-11 13:41:58'),
(108, 'cooliome', 'Kendyson Douglas', 'cooliome@gmail.com', '2021-02-11 13:44:43', '2021-02-11 13:44:43'),
(109, 'hrjrtopdo', NULL, 'cooliome1@gmail.com', '2021-02-11 13:54:14', '2021-02-11 13:54:14'),
(110, 'gogoboy1', 'gogoboy gogoboy', 'gogoboy@gmail.com', '2021-02-13 11:04:46', '2021-02-13 11:04:46'),
(111, 'Kukuki', 'FF FFF', 'Kukuki@gmail.com', '2021-02-14 19:14:50', '2021-02-14 19:14:50'),
(112, 'fs9x33h4l', NULL, 'foolish@gmail.com', '2021-02-16 18:45:27', '2021-02-16 18:45:27'),
(113, 'jbmnxcahu', NULL, 'foolish1@gmail.com', '2021-02-16 18:47:22', '2021-02-16 18:47:22'),
(114, 'pip14vpqu', NULL, 'foolish2@gmail.com', '2021-02-16 18:47:22', '2021-02-16 18:47:22'),
(115, 'memberp', 'memberp ss', 'memberp@gmail.com', '2021-02-24 19:41:23', '2021-02-24 19:41:23'),
(116, 'ade', 'rsser hh', 'ade@ttt.com', '2021-02-27 20:14:43', '2021-02-27 20:14:43'),
(117, 'demokil', 'demokil sss', 'demokil@gmail.com', '2021-03-02 18:51:24', '2021-03-02 18:51:24'),
(118, 'accesslimit', 'DDD dDDD', 'accesslimit@gmail.com', '2021-03-03 01:29:54', '2021-03-03 01:29:54'),
(119, 'hola2', 'hola2 hola2', 'hola2@gmaol.com', '2021-03-04 14:05:19', '2021-03-04 14:05:19'),
(120, 'Cooliok', 'Cooliok dddd', 'Cooliok@gmail.com', '2021-03-05 15:25:58', '2021-03-05 15:25:58'),
(121, 'aderinsolao', 'aderinsolao s', 'aderinsolao@gmail.com', '2021-03-08 16:41:03', '2021-03-08 16:41:03'),
(122, 'douglaskendysonbusiness', 'Douglas Kendyson', 'business@selarbusiness.co', '2021-03-11 08:51:25', '2021-03-11 08:51:25'),
(123, 'yinkagb', 'yinkagb yinkagb', 'yinkagb@gmail.com', '2021-03-21 11:04:15', '2021-03-21 11:04:15'),
(124, 'douglas111kendysonmkl', 'Kendyson Douglas', 'douglasdouglas@kendyson.com', '2021-03-23 20:16:14', '2021-03-23 20:16:14'),
(125, 'douglas232323kendyson', 'DD 3e334', '2323232@eeeee.com', '2021-03-23 20:19:46', '2021-03-23 20:19:46'),
(126, 'bolabola12324', 'Bio Mele', 'bola@gmdddd.com', '2021-03-23 20:27:56', '2021-03-23 20:27:56'),
(127, '2323232_eeee', 'C DDD', '2323232@1eeeee.com', '2021-03-23 21:17:42', '2021-03-23 21:17:42'),
(128, 'demokesiayebadouglas', 'Douglas Kendyson', 'kesiayebadouglas+new1241@gmail.com', '2021-03-23 21:41:00', '2021-03-23 21:41:00'),
(129, 'kokocj', 'kokocj f', 'kokocj@gmail.com', '2021-04-15 06:45:42', '2021-04-15 06:45:42'),
(130, 'ghghghgh', 'ghghghgh ghghghgh', 'ghghghgh@gmail.com', '2021-04-27 08:20:54', '2021-04-27 08:20:54'),
(131, 'demodemodemodemo', 'Douglas Kendyson', 'kendysondemodemodemo@kendyson.com', '2021-04-29 13:16:08', '2021-04-29 13:16:08'),
(132, 'douglasdouglasdouglasdouglaskendyson', 'Douglas Kendyson', 'hellodouglasdouglas@tanaly.com', '2021-05-01 09:51:32', '2021-05-01 09:51:32'),
(133, 'referme', 'referme referme', 'referme@gmail.com', '2021-05-05 19:32:26', '2021-05-05 19:32:26'),
(134, 'referdemo', 'referdemo referdemo', 'referdemo@gmail.com', '2021-05-05 19:48:50', '2021-05-05 19:48:50'),
(135, 'subdemo', 'subdemo dd', 'subdemo@gmail.com', '2021-05-09 18:03:19', '2021-05-09 18:03:19'),
(136, 'selardemo2', 'selardemo2 23', NULL, '2021-05-09 18:05:34', '2021-05-09 18:05:34'),
(137, 'hgo4p2aed', NULL, 'hellokkkkkkkk@tanaly.com', '2021-05-09 22:24:04', '2021-05-09 22:24:04'),
(138, 'KAKAK', 'ffff fff', 'kassss@gmail.com', '2021-05-13 21:58:15', '2021-05-13 21:58:15'),
(139, 'mememe', 'mememe ddd', 'mememe@gmail.com', '2021-05-23 23:39:24', '2021-05-23 23:39:24'),
(140, 'usdpaypal', 'usdpaypal dss', 'usdpaypal@gmail.com', '2021-06-03 05:29:25', '2021-06-03 05:29:25'),
(141, '229cf133d', NULL, 'koko@gmail.com', '2021-06-03 23:04:53', '2021-06-03 23:04:53'),
(142, 'usd2demo', 'Kendyson Solution', 'usd2demo@gmail.com', '2021-06-04 08:16:37', '2021-06-04 08:16:37'),
(143, 'newmailcoach', 'Douglas Kendyson', 'kesiayebadouglas+mailc@gmail.com', '2021-06-13 02:11:36', '2021-06-13 02:11:36'),
(144, 'mailcoach2', 'Douglas Kesi-Ayeba', 'kesiayebadouglas+mailcoach2@gmail.com', '2021-06-13 02:19:29', '2021-06-13 02:19:29'),
(145, 'mailcoach3', 'Biteboye KKKK', 'kesiayebadouglas+mailcoach3@gmail.com', '2021-06-13 02:22:29', '2021-06-13 02:28:54'),
(146, '2hqnzjesv', NULL, 'hello11@Selar.com', '2021-06-13 02:31:11', '2021-06-13 02:31:11'),
(147, 'x2z7sgp2u', NULL, 'affiliate1@selar.com', '2021-06-14 02:36:59', '2021-06-14 02:36:59'),
(148, 'ew63yvaas', NULL, '1affiliate1@selar.com', '2021-06-14 02:38:33', '2021-06-14 02:38:33'),
(149, 'qwaw5hj5g', NULL, '1a2ffiliate1@selar.com', '2021-06-14 02:45:22', '2021-06-14 02:45:22'),
(150, 'cu4kblxx5', NULL, '1ereporaffiliate2@selar.com', '2021-06-14 02:45:24', '2021-06-14 02:45:24'),
(151, '5c7hpl3rc', NULL, 'daffiliate1@selar.com', '2021-06-16 15:27:28', '2021-06-16 15:27:28'),
(152, '912o2j1d3', NULL, 'dereporaffiliate2@selar.com', '2021-06-16 15:27:28', '2021-06-16 15:27:28'),
(153, 'Douglas Kendyson151', 'Douglas Kendyson', 'business+2323232@selar.com', '2021-07-01 07:18:09', '2021-07-01 07:18:09'),
(154, 'usddddabo', 'usddddabo usddddabo', 'usddddabo@gmail.com', '2021-07-03 13:04:04', '2021-07-03 13:04:04'),
(155, 'ghmdeomo', 'ghmdeomo ghmdeomo', 'ghmdeomo@gmail.com', '2021-07-03 16:26:38', '2021-07-03 16:26:38'),
(156, 'catedemo', 'Grace Adeleke', 'catedemo@gmail.com', '2021-07-12 00:04:42', '2021-08-29 16:22:33'),
(157, '3griiq7n4', NULL, 'ssss@gfg.com', '2021-07-22 14:53:27', '2021-07-22 14:53:27'),
(158, 'skn385h6q', NULL, 'kkkk@f.com', '2021-07-22 14:58:25', '2021-07-22 14:58:25'),
(159, 'bl4osoh8f', NULL, 'sa111mple@selar.co', '2021-07-25 20:26:01', '2021-07-25 20:26:01'),
(160, 'jpnp3pmtd', NULL, 'sa2111mple@selar.co', '2021-07-25 20:27:08', '2021-07-25 20:27:08'),
(161, 'w4b7t9wim', NULL, 'samd2222ple1@selar.co', '2021-07-25 20:27:08', '2021-07-25 20:27:08'),
(162, 'xcubm6imb', NULL, 'sa22323mdple2@selar.co', '2021-07-25 20:27:08', '2021-07-25 20:27:08'),
(163, '18m11nzzj', NULL, 'sa2111mple@selar2.co', '2021-07-25 20:29:31', '2021-07-25 20:29:31'),
(164, 'vl4pedznz', NULL, 'samd2222ple1@selar1.co', '2021-07-25 20:29:31', '2021-07-25 20:29:31'),
(165, 'fnct3dltg', NULL, 'sa22323mdple2@selar1.co', '2021-07-25 20:29:31', '2021-07-25 20:29:31'),
(166, 'gr8cyikjh', NULL, 'sa2111mple@sselar2.co', '2021-07-25 20:32:10', '2021-07-25 20:32:10'),
(167, 'glqsntxla', NULL, 'samd222223ple1@selar1.co', '2021-07-25 20:32:11', '2021-07-25 20:32:11'),
(168, 'tn89bs2rj', NULL, 'sa22323mdple2@selar21.co', '2021-07-25 20:32:11', '2021-07-25 20:32:11'),
(169, 'c3ldpxmgj', NULL, 'sa22323mdple23@selar21.co', '2021-07-25 20:32:11', '2021-07-25 20:32:11'),
(170, 'demokkk', 'demokkk ddd', 'demokkk@yahoo.co.uk', '2021-08-08 22:25:18', '2021-08-08 22:52:27'),
(171, 'kikimordi', 'kiki mordi', 'kikimordi@gmail.com', '2021-08-15 11:16:03', '2021-08-15 11:16:03'),
(172, 'kikimordi2', 'kiki mordi2', 'kikimordi2@gmail.com', '2021-08-15 11:20:16', '2021-08-15 11:20:16'),
(173, 'demokkkk11', 'KK demokkkk', 'kkk@gmail.com', '2021-08-15 12:57:46', '2021-08-15 13:40:15'),
(174, 'popcrave', 'Seyi Williams', 'popcrave@gmail.com', '2021-08-15 13:48:57', '2021-08-15 13:48:57'),
(175, 'dtgevwnzz', NULL, 'kendyson+tricia1@kendyson.com', '2021-08-15 17:39:20', '2021-08-15 17:39:20'),
(176, 'ylb1nhrqn', NULL, 'kendyson+tricia2@kendyson.com', '2021-08-15 17:40:46', '2021-08-15 17:40:46'),
(177, 'Milton22', 'Milton Tutu', 'miltonhamo@gmail.com', '2021-08-19 12:26:53', '2021-08-19 12:26:53'),
(204, '57sadbh4z', NULL, 'ekereiniodu@gmail.com', '2021-08-24 12:50:50', '2021-08-24 12:50:50'),
(205, 'racg68j7l', NULL, 'okaformarycynthia37@gmail.com', '2021-08-24 12:53:10', '2021-08-24 12:53:10'),
(206, '9onb6hm3v', NULL, 'ihebunandutheresa@gmail.com', '2021-08-24 12:53:10', '2021-08-24 12:53:10'),
(207, 'mlgzzrzs3', NULL, 'ewekajosephine@gmail.com', '2021-08-24 12:53:10', '2021-08-24 12:53:10'),
(208, 'v4dore9bq', NULL, 'stogunnusi@gmail.com', '2021-08-24 12:53:10', '2021-08-24 12:53:10'),
(209, '2g219xltc', NULL, 'essienofon@gmail.com', '2021-08-24 12:53:10', '2021-08-24 12:53:10'),
(210, 'zygng3igv', NULL, 'enebiavworo@gmail.com', '2021-08-24 12:53:10', '2021-08-24 12:53:10'),
(211, '6nagi4gea', NULL, 'adetolaadenaike@yahoo.com', '2021-08-24 12:53:10', '2021-08-24 12:53:10'),
(212, 'a7zcg8svc', NULL, 'shekinahmasiyakhr@gmail.com', '2021-08-24 12:53:10', '2021-08-24 12:53:10'),
(213, 'qkovlkmdy', NULL, 'anthonynosa111@gmail.com', '2021-08-24 12:53:10', '2021-08-24 12:53:10'),
(214, 'csxcqfgkv', NULL, 'nonnymbagwu@gmail.com', '2021-08-24 12:53:10', '2021-08-24 12:53:10'),
(215, 'cm1xbcpb3', NULL, 'babe.adejuwon@gmail.com', '2021-08-24 12:53:10', '2021-08-24 12:53:10'),
(216, 'jm8sr9pnw', NULL, 'rapostlesam@gmail.com', '2021-08-24 12:53:10', '2021-08-24 12:53:10'),
(217, '1m932xrv6', NULL, 'amostimbyen@gmail.com', '2021-08-24 12:53:10', '2021-08-24 12:53:10'),
(218, 'i9cekou8u', NULL, 'bennefelix.bf@gmail.com', '2021-08-24 12:53:10', '2021-08-24 12:53:10'),
(219, 'ocwemx8k3', NULL, 'kinroberts34@gmail.com', '2021-08-24 12:53:10', '2021-08-24 12:53:10'),
(220, 'aee3xmvuo', NULL, 'richkingsrealty@gmail.com', '2021-08-24 12:53:10', '2021-08-24 12:53:10'),
(221, 'z5xcphv4m', NULL, 'somadinakajah@gmail.com', '2021-08-24 12:53:10', '2021-08-24 12:53:10'),
(222, 'pgzqkw861', NULL, 'prolificben27@gmail.com', '2021-08-24 12:53:10', '2021-08-24 12:53:10'),
(223, 'lrguskcw1', NULL, 'nosayabaigbinedion@gmail.com', '2021-08-24 12:53:10', '2021-08-24 12:53:10'),
(224, '8ngc3z2p5', NULL, 'okerekesom@gmail.com', '2021-08-24 12:53:10', '2021-08-24 12:53:10'),
(225, 'sdzxvsbyz', NULL, 'odilinyen@gmail.com', '2021-08-24 12:53:10', '2021-08-24 12:53:10'),
(226, '4g8lkp9e2', NULL, 'cherryhouseng123@gmail.com', '2021-08-24 12:53:10', '2021-08-24 12:53:10'),
(227, 'vu9q72dxl', NULL, 'obinna1964@live.com', '2021-08-24 12:53:10', '2021-08-24 12:53:10'),
(228, 'bv7m9zn53', NULL, 'achiugo1989@gmail.com', '2021-08-24 12:53:10', '2021-08-24 12:53:10'),
(229, 'cocojones', 'Coco Jones', 'cocojones@gmai.com', '2021-08-28 08:05:59', '2021-08-28 08:05:59'),
(230, 'cookie', 'cookie cookie', 'cookie@gmail.com', '2021-08-28 08:11:57', '2021-08-29 15:13:20'),
(231, 'Foolishg', 'Kel Ku', 'Foolishg@gmail.com', '2021-08-31 01:09:03', '2021-08-31 01:09:03'),
(232, 'fblogin', 'fblogin23 23', 'fblogin@gmail.com', '2021-08-31 01:13:09', '2021-08-31 01:13:09'),
(233, 'affmarket', 'June Daily', 'affmarket@gmail.com', '2021-09-07 07:24:06', '2021-09-07 07:38:59'),
(234, 'kukuKendyson', 'kukuKendyson dd', 'kendyson+cooooo90@kendyson.com', '2021-09-26 16:02:57', '2021-09-26 16:02:57'),
(235, 'popopuitl', 'popopuitl popopuitl', 'popopuitl@kendyson.com', '2021-09-26 23:40:07', '2021-09-26 23:40:07'),
(236, 'hjwh3bf9m', NULL, 'oppor@gmail.com', '2021-09-27 02:14:49', '2021-09-27 02:14:49'),
(237, 'olololol', 'olololol d', 'olololol@gmail.com', '2021-10-12 08:10:46', '2021-10-12 08:10:46');

--
-- Indexes for dumped tables
--

--
-- Indexes for table `plans`
--
ALTER TABLE `plans`
  ADD PRIMARY KEY (`id`);

--
-- Indexes for table `subscriptions`
--
ALTER TABLE `subscriptions`
  ADD PRIMARY KEY (`id`);

--
-- Indexes for table `subscription_transactions`
--
ALTER TABLE `subscription_transactions`
  ADD PRIMARY KEY (`id`);

--
-- Indexes for table `users`
--
ALTER TABLE `users`
  ADD PRIMARY KEY (`id`),
  ADD UNIQUE KEY `users_username_unique` (`username`),
  ADD UNIQUE KEY `users_email_unique` (`email`);

--
-- AUTO_INCREMENT for dumped tables
--

--
-- AUTO_INCREMENT for table `plans`
--
ALTER TABLE `plans`
  MODIFY `id` bigint(20) UNSIGNED NOT NULL AUTO_INCREMENT, AUTO_INCREMENT=5;

--
-- AUTO_INCREMENT for table `subscriptions`
--
ALTER TABLE `subscriptions`
  MODIFY `id` bigint(20) UNSIGNED NOT NULL AUTO_INCREMENT, AUTO_INCREMENT=86;

--
-- AUTO_INCREMENT for table `subscription_transactions`
--
ALTER TABLE `subscription_transactions`
  MODIFY `id` bigint(20) UNSIGNED NOT NULL AUTO_INCREMENT, AUTO_INCREMENT=262;

--
-- AUTO_INCREMENT for table `users`
--
ALTER TABLE `users`
  MODIFY `id` int(10) UNSIGNED NOT NULL AUTO_INCREMENT, AUTO_INCREMENT=238;

/*!40101 SET CHARACTER_SET_CLIENT=@OLD_CHARACTER_SET_CLIENT */;
/*!40101 SET CHARACTER_SET_RESULTS=@OLD_CHARACTER_SET_RESULTS */;
/*!40101 SET COLLATION_CONNECTION=@OLD_COLLATION_CONNECTION */;
